query_id	page_id	score	reliable	n_scores
59	5119376	3	TRUE	5
59	159362	2.25	TRUE	4
59	39311	2.2	TRUE	5
59	15593	2.2	TRUE	5
59	286369	2.2	TRUE	5
59	97218	2.2	TRUE	5
59	7957	1.8	TRUE	5
59	25740899	1.8	TRUE	5
59	3054546	1.75	TRUE	4
59	32866171	1.6	TRUE	5
59	13736278	1.5	TRUE	4
59	23658402	1.5	TRUE	4
59	1193732	1.4	TRUE	5
59	10663147	1.4	TRUE	5
59	25754234	1.4	TRUE	5
59	5874483	1.25	TRUE	4
59	4619728	1.25	TRUE	4
59	1193731	1.25	TRUE	4
59	11587452	1.25	TRUE	4
59	1991172	1.25	TRUE	4
59	320425	1.2	TRUE	5
59	23450997	1.2	TRUE	5
59	24803878	1.2	TRUE	5
59	1185823	1	TRUE	5
59	10911837	1	TRUE	4
59	21212971	1	TRUE	5
59	1014121	1	TRUE	4
59	30900421	1	TRUE	4
59	966691	1	TRUE	4
59	14076943	0.8	TRUE	5
59	183301	0.75	TRUE	4
59	2230037	0.75	TRUE	4
59	42150967	0.6	TRUE	5
59	14581	0.6	TRUE	5
59	18960158	0.6	TRUE	5
59	8116024	0.6	TRUE	5
59	236473	0.6	TRUE	5
59	4342412	0.5	TRUE	4
59	22044230	0.5	TRUE	4
59	959422	0.4	TRUE	5
59	1647163	0.4	TRUE	5
59	45391245	0.3333	TRUE	3
59	589685	0.25	TRUE	4
59	2319321	0.25	TRUE	4
59	5714296	0.25	TRUE	4
59	7460701	0.2	TRUE	5
116	13370208	3	TRUE	3
116	9994744	3	TRUE	3
116	8533032	1.3333	TRUE	3
116	22366	1.3333	TRUE	3
116	34948	1.3333	TRUE	3
116	1377948	0.3333	TRUE	3
116	231395	0.3333	TRUE	3
116	123052	0.3333	TRUE	3
116	7688189	0.3333	TRUE	3
116	31033	0.3333	TRUE	3
116	71262	0	TRUE	3
116	1151773	0	TRUE	3
116	2012260	0	TRUE	3
116	98933	0	TRUE	3
116	42082319	0	TRUE	3
116	11960536	0	TRUE	3
116	42208	0	TRUE	3
116	443940	0	TRUE	3
116	414744	0	TRUE	3
116	4939127	0	TRUE	3
116	6195	0	TRUE	3
116	62480	0	TRUE	3
116	218075	0	TRUE	3
116	2108886	0	TRUE	3
116	3582891	0	TRUE	3
116	454915	0	TRUE	3
116	931871	0	TRUE	3
116	40387083	0	TRUE	3
116	192480	0	TRUE	3
116	10481	0	TRUE	3
116	195565	0	TRUE	3
116	47436315	0	TRUE	3
116	41523	0	TRUE	3
116	22763	0	TRUE	3
116	11830664	0	TRUE	3
116	249601	0	TRUE	3
116	162249	0	TRUE	3
116	7806078	0	TRUE	3
116	1203711	0	TRUE	3
116	874	0	TRUE	3
116	80028	0	TRUE	3
116	1461470	0	TRUE	3
116	629870	0	TRUE	3
116	312755	0	TRUE	3
116	794129	0	TRUE	3
116	6095325	0	TRUE	3
116	58547	0	TRUE	2
116	100144	0	TRUE	3
116	41228854	0	TRUE	3
116	345577	0	TRUE	3
116	5509936	0	TRUE	3
116	18315	0	TRUE	3
79	24509049	2.75	TRUE	4
79	500635	2.75	TRUE	4
79	145567	2.5	TRUE	4
79	24564752	2.5	TRUE	4
79	607751	2.5	TRUE	4
79	19712569	2.25	TRUE	4
79	1275629	2.25	TRUE	4
79	27233780	2	TRUE	4
79	46911674	2	TRUE	4
79	24484048	2	TRUE	4
79	32751625	2	TRUE	4
79	201877	2	TRUE	4
79	19741001	2	TRUE	4
79	2809754	1.75	TRUE	4
79	556939	1.75	TRUE	4
79	1781873	1.75	TRUE	4
79	2935569	1.75	TRUE	4
79	2475785	1.75	TRUE	4
79	11902823	1.75	TRUE	4
79	923222	1.75	TRUE	4
79	5926579	1.5	TRUE	4
79	3474910	1.5	TRUE	4
79	2417649	1.5	TRUE	4
79	3228943	1.5	TRUE	4
79	22759867	1.5	TRUE	4
79	244053	1.5	TRUE	4
79	11535807	1.5	TRUE	4
79	4341152	1.25	TRUE	4
79	1278471	1.25	TRUE	4
79	421737	1.25	TRUE	4
79	1981057	1.25	TRUE	4
79	1101547	1.25	TRUE	4
79	649542	1	TRUE	4
79	11424	1	TRUE	4
79	3994407	1	TRUE	4
79	14952458	1	TRUE	4
79	293048	1	TRUE	4
79	2568690	1	TRUE	4
79	2896705	0.75	TRUE	4
79	4061602	0.75	TRUE	4
79	326003	0.75	TRUE	4
79	7262794	0.75	TRUE	4
79	10927369	0.75	TRUE	4
79	37782431	0.75	TRUE	4
79	40671039	0.75	TRUE	4
79	5644559	0.75	TRUE	4
79	10794987	0.75	TRUE	4
79	189155	0.5	TRUE	4
102	650483	3	TRUE	2
102	8031895	2.5	TRUE	2
102	6525377	2	TRUE	1
102	4509112	2	TRUE	1
102	5088457	0	TRUE	2
102	43076732	0	TRUE	2
102	682376	0	TRUE	2
102	1351303	0	TRUE	2
102	5092756	0	TRUE	2
102	49229449	0	TRUE	1
102	16995601	0	TRUE	1
102	8096136	0	TRUE	2
102	15806783	0	TRUE	2
102	12652721	0	TRUE	1
102	1859855	0	TRUE	2
102	3476071	0	TRUE	1
102	1105043	0	TRUE	2
102	5088438	0	TRUE	2
102	1989297	0	TRUE	2
102	15806102	0	TRUE	1
102	11241966	0	TRUE	2
102	30871763	0	TRUE	2
102	15834024	0	TRUE	2
102	25081081	0	TRUE	1
102	36358972	0	TRUE	1
102	5088400	0	TRUE	2
102	40967532	0	TRUE	2
102	38052849	0	TRUE	1
102	40840855	0	TRUE	1
102	36001458	0	TRUE	1
102	8495428	0	TRUE	2
102	312046	0	TRUE	2
102	29054519	0	TRUE	2
102	27553627	0	TRUE	1
102	23901899	0	TRUE	2
102	12355763	0	TRUE	1
102	42831209	0	TRUE	2
102	11239681	0	TRUE	1
102	7288778	0	TRUE	1
102	3482308	0	TRUE	2
102	42605495	0	TRUE	2
102	868723	0	TRUE	1
102	33728083	0	TRUE	2
102	47041436	0	TRUE	1
102	794078	0	TRUE	2
102	5072999	0	TRUE	1
102	6815913	0	TRUE	1
102	15806632	0	TRUE	2
102	21528071	0	TRUE	1
102	28048483	0	TRUE	2
102	10518	0	TRUE	1
102	6830648	0	TRUE	2
102	7583568	0	TRUE	2
102	36174138	0	TRUE	2
102	40085815	0	TRUE	1
24	49688646	3	FALSE	4
24	16009497	2.75	FALSE	4
24	1056264	2.5	FALSE	4
24	1990231	2.25	FALSE	4
24	3851432	1.75	FALSE	4
24	16473863	1.5	FALSE	4
24	17461990	1.5	FALSE	4
24	47636124	1.5	FALSE	4
24	18806337	1.5	FALSE	4
24	21595967	1.25	FALSE	4
24	15778011	1.25	FALSE	4
24	1852628	1.25	FALSE	4
24	15728573	1.25	FALSE	4
24	15733091	1	FALSE	4
24	6528248	1	FALSE	4
24	9982390	1	FALSE	4
24	20233977	1	FALSE	4
24	36888630	1	FALSE	4
24	501445	0.75	FALSE	4
24	17260839	0.75	FALSE	4
24	3495297	0.75	FALSE	4
24	4952358	0.75	FALSE	4
24	7290579	0.75	FALSE	4
24	586725	0.75	FALSE	4
24	38861177	0.75	FALSE	4
24	40751018	0.75	FALSE	4
24	14223606	0.75	FALSE	4
24	22307289	0.75	FALSE	4
24	35625242	0.75	FALSE	4
24	34471191	0.75	FALSE	4
24	25100020	0.5	FALSE	4
24	6560494	0.5	FALSE	4
24	7839	0.25	FALSE	4
126	22121155	1.75	FALSE	4
126	2941872	1.5	FALSE	4
126	26710541	1	FALSE	4
126	100245	1	FALSE	1
126	24423543	1	FALSE	4
126	23189286	0.75	FALSE	4
126	147184	0.75	FALSE	4
126	4595	0.75	FALSE	4
126	27913563	0.75	FALSE	4
126	138009	0.75	FALSE	4
126	42638285	0.75	FALSE	4
126	31651352	0.75	FALSE	4
126	6946878	0.5	FALSE	4
126	12840543	0.5	FALSE	4
126	36705992	0.5	FALSE	4
126	44594980	0.5	FALSE	4
126	10032114	0.5	FALSE	4
126	16368217	0.5	FALSE	4
126	35306935	0.5	FALSE	4
126	8815974	0.5	FALSE	4
126	3953668	0.5	FALSE	4
126	300602	0.5	FALSE	4
126	1950304	0.5	FALSE	4
126	9084446	0.25	FALSE	4
126	14553924	0.25	FALSE	4
126	28979945	0.25	FALSE	4
126	3793532	0.25	FALSE	4
126	8618477	0.25	FALSE	4
126	295981	0.25	FALSE	4
126	9017132	0.25	FALSE	4
126	11357820	0.25	FALSE	4
126	17132941	0.25	FALSE	4
126	2402581	0	FALSE	3
126	1484114	0	FALSE	1
126	3482896	0	FALSE	1
126	13230505	0	FALSE	1
126	14539	0	FALSE	1
126	32720869	0	FALSE	4
126	159215	0	FALSE	1
126	20453428	0	FALSE	1
126	8426122	0	FALSE	4
126	29375024	0	FALSE	1
126	8879085	0	FALSE	1
126	16582276	0	FALSE	1
126	31728	0	FALSE	1
126	14469908	0	FALSE	1
126	23627202	0	FALSE	1
63	8406	3	FALSE	4
63	2596386	2.25	FALSE	4
63	17997	2	FALSE	4
63	1945341	2	FALSE	4
63	147176	2	FALSE	4
63	12898	1.25	FALSE	4
63	32559	1.25	FALSE	4
63	17730	1.25	FALSE	4
63	72180	1.25	FALSE	4
63	3018459	1.25	FALSE	4
63	2333	1.25	FALSE	4
63	51962	1	FALSE	4
63	21774	1	FALSE	4
63	2201453	1	FALSE	3
63	12539	1	FALSE	4
63	430640	1	FALSE	4
63	320779	1	FALSE	4
63	30491687	1	FALSE	4
63	2251	0.75	FALSE	4
63	143904	0.6667	FALSE	3
63	86040	0.6667	FALSE	3
63	617841	0.5	FALSE	2
63	5638131	0.5	FALSE	2
63	21894998	0.5	FALSE	2
63	1362385	0.5	FALSE	4
63	5051647	0.5	FALSE	2
63	22132024	0.25	FALSE	4
63	26689	0.25	FALSE	4
63	18776495	0.25	FALSE	4
63	485315	0	FALSE	2
63	24981104	0	FALSE	2
63	234538	0	FALSE	2
63	25176543	0	FALSE	2
63	4382331	0	FALSE	2
63	14985304	0	FALSE	2
63	1979947	0	FALSE	2
63	284316	0	FALSE	2
63	6343	0	FALSE	2
67	21594133	3	TRUE	2
67	2492359	2.5	TRUE	2
67	19270628	2.5	TRUE	2
67	11715435	1.5	TRUE	2
67	6599346	1.5	TRUE	2
67	26111192	1	TRUE	2
67	8373133	1	TRUE	2
67	43016033	1	TRUE	2
67	37163781	1	TRUE	2
67	19831522	1	TRUE	2
67	18651041	0.5	TRUE	2
67	1250741	0.5	TRUE	2
67	12586952	0.5	TRUE	2
67	24956920	0.5	TRUE	2
67	13144236	0.5	TRUE	2
67	19402792	0.5	TRUE	2
67	283921	0	TRUE	2
67	7734097	0	TRUE	2
67	8889838	0	TRUE	2
87	45747	2.6667	TRUE	3
87	220386	2.3333	TRUE	3
87	33372273	2	TRUE	1
87	17157886	2	TRUE	1
87	7762817	1.6667	TRUE	3
87	21217083	1.3333	TRUE	3
87	452676	1.3333	TRUE	3
87	1008276	1.3333	TRUE	3
87	33032501	1	TRUE	3
87	763138	1	TRUE	3
87	30861415	1	TRUE	1
87	2077504	1	TRUE	1
87	4448173	1	TRUE	1
87	39503913	1	TRUE	3
87	26257634	1	TRUE	1
87	1254553	1	TRUE	3
87	1003055	1	TRUE	3
87	45355256	1	TRUE	3
87	11489653	1	TRUE	3
87	11502997	1	TRUE	3
87	10633515	1	TRUE	3
87	18633048	0.6667	TRUE	3
87	2598545	0.6667	TRUE	3
87	31354456	0.6667	TRUE	3
87	5282290	0.6667	TRUE	3
87	33761097	0.6667	TRUE	3
87	146808	0.6667	TRUE	3
87	1125971	0.6667	TRUE	3
87	315212	0.3333	TRUE	3
87	34620288	0.3333	TRUE	3
87	21794888	0.3333	TRUE	3
87	33414528	0	TRUE	1
87	326313	0	TRUE	1
87	1869488	0	TRUE	3
23	491900	2.5	FALSE	4
23	13939199	2	FALSE	4
23	11523713	1.75	FALSE	4
23	7039	1.75	FALSE	4
23	275473	1.75	FALSE	4
23	1990178	1.75	FALSE	4
23	104339	1.75	FALSE	4
23	1185519	1.75	FALSE	4
23	20913655	1.5	FALSE	4
23	2505822	1.5	FALSE	4
23	8937664	1.5	FALSE	4
23	17401244	1.5	FALSE	4
23	384728	1.5	FALSE	4
23	7011	1.5	FALSE	4
23	40684	1.5	FALSE	4
23	247927	1.5	FALSE	4
23	1640288	1.5	FALSE	4
23	1331235	1.25	FALSE	4
23	3391379	1.25	FALSE	4
23	357636	1.25	FALSE	4
23	1404479	1.25	FALSE	4
23	81682	1.25	FALSE	4
23	9732438	1.25	FALSE	4
23	105803	1.25	FALSE	4
23	7333367	1.25	FALSE	4
23	19377388	1.25	FALSE	4
23	48847298	1.25	FALSE	4
23	703058	1.25	FALSE	4
23	1949447	1.25	FALSE	4
23	658183	1.25	FALSE	4
23	12252268	1	FALSE	4
23	47779300	1	FALSE	4
23	188035	1	FALSE	4
23	396508	1	FALSE	4
23	41258426	0.75	FALSE	4
23	5015944	0.75	FALSE	4
23	1359818	0.75	FALSE	4
23	788661	0.75	FALSE	4
23	1765232	0.75	FALSE	4
23	13996412	0.5	FALSE	4
23	1997617	0.5	FALSE	4
23	217259	0.5	FALSE	4
23	420881	0.5	FALSE	4
23	1823944	0.5	FALSE	4
23	788791	0.25	FALSE	4
23	4207525	0.25	FALSE	4
23	5997826	0.25	FALSE	4
23	39842743	0.25	FALSE	4
23	405674	0	FALSE	4
23	14523192	0	FALSE	4
23	17760670	0	FALSE	4
131	543433	3	TRUE	3
131	26360249	2.6667	TRUE	3
131	11460228	0	TRUE	3
131	6717398	0	TRUE	3
131	47725278	0	TRUE	3
131	24470795	0	TRUE	3
131	38322223	0	TRUE	3
131	22570683	0	TRUE	3
131	10052182	0	TRUE	3
131	43220483	0	TRUE	3
131	9366137	0	TRUE	3
131	1512550	0	TRUE	3
131	7479002	0	TRUE	3
131	45340529	0	TRUE	3
131	49007612	0	TRUE	3
131	471755	0	TRUE	3
131	30717912	0	TRUE	3
131	39863263	0	TRUE	3
131	8763731	0	TRUE	3
131	3845771	0	TRUE	3
131	292279	0	TRUE	3
131	212829	0	TRUE	3
131	45696978	0	TRUE	3
131	1116998	0	TRUE	3
131	1140097	0	TRUE	3
131	20433007	0	TRUE	3
88	1191184	3	TRUE	4
88	3323223	3	TRUE	4
88	644662	2.75	TRUE	4
88	8737103	2	TRUE	4
88	1176591	2	TRUE	4
88	312833	1.75	TRUE	4
88	27653752	1.75	TRUE	4
88	3258074	1.5	TRUE	4
88	18209	1.5	TRUE	4
88	3576958	1.25	TRUE	4
88	185669	1.25	TRUE	4
88	9015023	1	TRUE	4
88	33263	1	TRUE	4
88	188479	0.5	TRUE	4
88	32918892	0.5	TRUE	4
88	1258677	0.5	TRUE	4
88	28102558	0.25	TRUE	4
88	454323	0.25	TRUE	4
88	4334877	0.25	TRUE	4
88	4432667	0.25	TRUE	4
88	17810	0	TRUE	4
88	25734	0	TRUE	4
88	1458783	0	TRUE	4
88	16440590	0	TRUE	4
88	408238	0	TRUE	4
88	905037	0	TRUE	4
88	23511	0	TRUE	4
88	28972	0	TRUE	4
88	9082	0	TRUE	4
88	31816	0	TRUE	4
88	16641132	0	TRUE	4
88	3434750	0	TRUE	4
88	12108	0	TRUE	4
88	57744	0	TRUE	4
88	9317	0	TRUE	4
88	993655	0	TRUE	4
88	125315	0	TRUE	4
88	1283036	0	TRUE	4
88	438151	0	TRUE	4
88	64489	0	TRUE	4
88	761068	0	TRUE	4
88	68927	0	TRUE	4
88	14840034	0	TRUE	4
88	1595709	0	TRUE	4
88	2745	0	TRUE	4
88	19147	0	TRUE	4
88	6065693	0	TRUE	4
88	64704	0	TRUE	4
88	10416164	0	TRUE	4
88	401102	0	TRUE	4
88	374012	0	TRUE	4
88	23362	0	TRUE	4
88	1546697	0	TRUE	4
88	47986	0	TRUE	4
88	76972	0	TRUE	4
88	14653	0	TRUE	4
88	183043	0	TRUE	4
88	5195	0	TRUE	4
88	23235	0	TRUE	4
88	12113	0	TRUE	4
88	31853	0	TRUE	4
76	2320513	2.25	FALSE	4
76	1814443	1.5	FALSE	4
76	1775481	1.3333	FALSE	3
76	81636	1.25	FALSE	4
76	1592964	1.25	FALSE	4
76	1773703	1	FALSE	4
76	28044780	1	FALSE	4
76	1041935	0.75	FALSE	4
76	1773715	0.75	FALSE	4
76	34881265	0.6667	FALSE	3
76	7816635	0	FALSE	4
57	309801	3	FALSE	4
57	14773	2.3333	FALSE	3
57	1409855	2.25	FALSE	4
57	35009581	2	FALSE	3
57	296775	1.75	FALSE	4
57	638834	1.75	FALSE	4
57	68754	1.75	FALSE	4
57	309452	1.6667	FALSE	3
57	44524415	1.6667	FALSE	3
57	344913	1.5	FALSE	4
57	3937720	1.5	FALSE	4
57	63092	1.5	FALSE	4
57	2920873	1.5	FALSE	4
57	2371518	1.5	FALSE	4
57	1651029	1.5	FALSE	4
57	31123961	1.5	FALSE	4
57	27424748	1.3333	FALSE	3
57	1022822	1.3333	FALSE	3
57	31835841	1.3333	FALSE	3
57	9223	1.3333	FALSE	3
57	34625854	1.3333	FALSE	3
57	46863	1.3333	FALSE	3
57	1803851	1.3333	FALSE	3
57	4558361	1.3333	FALSE	3
57	29558261	1.25	FALSE	4
57	5409651	1.25	FALSE	4
57	19970913	1.25	FALSE	4
57	175590	1.25	FALSE	4
57	788900	1.25	FALSE	4
57	730742	1.25	FALSE	4
57	20422186	1.25	FALSE	4
57	1969440	1.25	FALSE	4
57	49894	1	FALSE	4
57	275713	1	FALSE	4
57	1419233	1	FALSE	4
57	1865916	1	FALSE	4
57	1148456	1	FALSE	4
57	34506281	1	FALSE	4
57	14640553	1	FALSE	3
57	53741	1	FALSE	4
57	325499	1	FALSE	4
57	216867	1	FALSE	4
57	4499399	0.75	FALSE	4
57	171855	0.6667	FALSE	3
57	23550312	0.6667	FALSE	3
57	5351581	0.6667	FALSE	3
57	13164778	0.6667	FALSE	3
57	5336925	0.6667	FALSE	3
57	1678261	0.5	FALSE	4
57	56119	0.5	FALSE	4
57	811144	0.5	FALSE	4
57	265753	0.5	FALSE	4
57	191230	0.5	FALSE	4
55	731832	2.6667	FALSE	3
55	3528759	2	FALSE	3
55	7196743	2	FALSE	3
55	184398	2	FALSE	3
55	3016484	2	FALSE	3
55	28481043	2	FALSE	3
55	1980293	2	FALSE	3
55	38409100	1.6667	FALSE	3
55	38410305	1.6667	FALSE	3
55	184399	1.6667	FALSE	3
55	1359267	1.6667	FALSE	3
55	1305273	1.6667	FALSE	3
55	12752902	1.3333	FALSE	3
55	1389358	1.3333	FALSE	3
55	28095336	1.3333	FALSE	3
55	25965421	1.3333	FALSE	3
55	10544378	1	FALSE	3
55	181633	1	FALSE	3
55	2680742	1	FALSE	3
55	3268200	1	FALSE	3
55	1616997	1	FALSE	3
55	25138518	1	FALSE	3
55	1848006	1	FALSE	3
55	18555522	0.6667	FALSE	3
42	3568441	3	FALSE	3
42	22995027	3	FALSE	3
42	3568868	2.6667	FALSE	3
42	41394099	2	FALSE	3
42	37998354	2	FALSE	1
42	4752341	2	FALSE	1
42	48913803	1.6667	FALSE	3
42	3568464	1.3333	FALSE	3
42	3568542	1.3333	FALSE	3
42	3568796	1.3333	FALSE	3
42	3568818	1.3333	FALSE	3
42	3568498	1.3333	FALSE	3
42	3568837	1.3333	FALSE	3
106	4205653	2	FALSE	1
106	1414989	2	FALSE	1
106	378053	1.3333	FALSE	3
106	17349325	1.3333	FALSE	3
106	31416494	1	FALSE	3
106	1840272	1	FALSE	1
106	2567267	1	FALSE	3
106	11161023	1	FALSE	1
106	9074254	1	FALSE	3
106	22959267	1	FALSE	1
106	765082	1	FALSE	3
106	2137183	0.6667	FALSE	3
106	18776523	0.6667	FALSE	3
106	44955200	0.6667	FALSE	3
106	3698996	0.6667	FALSE	3
106	34463633	0.6667	FALSE	3
106	954888	0.3333	FALSE	3
106	3418972	0.3333	FALSE	3
106	17205446	0.3333	FALSE	3
106	6043581	0.3333	FALSE	3
106	1921151	0.3333	FALSE	3
106	8385867	0.3333	FALSE	3
106	8564494	0.3333	FALSE	3
106	20352660	0.3333	FALSE	3
106	4311692	0.3333	FALSE	3
106	2581237	0.3333	FALSE	3
106	1820173	0.3333	FALSE	3
106	32034142	0.3333	FALSE	3
106	248398	0	FALSE	3
106	2460018	0	FALSE	3
106	8269833	0	FALSE	3
106	8873651	0	FALSE	3
106	21165534	0	FALSE	1
106	3290852	0	FALSE	1
106	9632379	0	FALSE	3
106	4195498	0	FALSE	1
106	17435717	0	FALSE	1
106	38901450	0	FALSE	1
106	44928982	0	FALSE	1
106	43933204	0	FALSE	3
106	1341072	0	FALSE	1
106	2262768	0	FALSE	1
106	2045242	0	FALSE	3
106	2718839	0	FALSE	3
106	22079042	0	FALSE	3
106	438531	0	FALSE	3
106	14091188	0	FALSE	1
106	24865358	0	FALSE	3
106	32223	0	FALSE	3
106	6696304	0	FALSE	1
106	37325	0	FALSE	1
100	1062243	2.5	TRUE	2
100	5931	2.5	TRUE	2
100	188773	2	TRUE	2
100	3973	2	TRUE	2
100	3298958	1.5	TRUE	2
100	1875894	1.5	TRUE	2
100	1042649	1.5	TRUE	2
100	5343488	1.5	TRUE	2
100	857311	1.5	TRUE	2
100	37562853	1.5	TRUE	2
100	7409534	1.5	TRUE	2
100	38039386	1	TRUE	2
100	30766457	1	TRUE	2
100	3612945	1	TRUE	2
100	13119144	1	TRUE	2
100	32494572	1	TRUE	2
100	2780716	1	TRUE	2
100	86681	1	TRUE	2
100	48828961	1	TRUE	2
100	175606	1	TRUE	2
100	2833547	1	TRUE	2
100	856983	1	TRUE	2
100	4525425	1	TRUE	2
100	31946190	0.5	TRUE	2
100	2732633	0.5	TRUE	2
100	2270165	0.5	TRUE	2
100	4109505	0.5	TRUE	2
100	31749832	0.5	TRUE	2
100	3084771	0.5	TRUE	2
100	3957496	0.5	TRUE	2
100	37289414	0.5	TRUE	2
100	183351	0.5	TRUE	2
100	24891403	0.5	TRUE	2
100	29978209	0.5	TRUE	2
100	1131951	0.5	TRUE	2
100	2325032	0.5	TRUE	2
100	5391288	0.5	TRUE	2
100	996422	0.5	TRUE	2
100	1168771	0.5	TRUE	2
100	1454257	0.5	TRUE	2
100	33942729	0	TRUE	2
100	805705	0	TRUE	2
100	23100308	0	TRUE	2
100	33228818	0	TRUE	2
100	27996889	0	TRUE	2
100	24918027	0	TRUE	2
100	8471845	0	TRUE	2
100	1092718	0	TRUE	2
100	27661803	0	TRUE	2
100	16760673	0	TRUE	2
100	4120722	0	TRUE	2
100	45406476	0	TRUE	2
100	14922935	0	TRUE	2
100	40097473	0	TRUE	2
100	1799552	0	TRUE	2
100	622616	0	TRUE	2
100	6306109	0	TRUE	2
100	22743642	0	TRUE	2
100	8639662	0	TRUE	2
100	714366	0	TRUE	2
32	1690486	3	FALSE	2
32	10254083	3	FALSE	2
32	7687013	3	FALSE	2
32	974837	2.5	FALSE	2
32	42654791	2.5	FALSE	2
32	46517545	2.5	FALSE	2
32	47993286	2.5	FALSE	2
32	12372406	2.5	FALSE	2
32	12823367	2.5	FALSE	2
32	49210241	2.5	FALSE	2
32	1882956	2.5	FALSE	2
32	4312686	2.5	FALSE	2
32	6173298	2.5	FALSE	2
32	36339741	2.5	FALSE	2
32	31294286	2.5	FALSE	2
32	46641890	2.5	FALSE	2
32	46993632	2	FALSE	2
32	8900348	1.5	FALSE	2
32	28075319	1.5	FALSE	2
32	664601	0.5	FALSE	2
32	711747	0.5	FALSE	2
32	18307757	0.5	FALSE	2
32	27591450	0.5	FALSE	2
32	15329914	0	FALSE	2
12	3829190	3	FALSE	2
12	349829	2	FALSE	2
12	428502	2	FALSE	2
12	267787	2	FALSE	2
12	867542	1.5	FALSE	2
12	965323	1.5	FALSE	2
12	4187	1.5	FALSE	2
12	2950125	1	FALSE	2
12	875883	1	FALSE	2
12	207040	1	FALSE	2
12	11100132	1	FALSE	1
12	26883388	1	FALSE	2
12	19688546	1	FALSE	2
12	29017531	1	FALSE	2
12	7467972	1	FALSE	2
12	29968	1	FALSE	2
12	1871724	0.5	FALSE	2
12	349842	0.5	FALSE	2
12	22812932	0.5	FALSE	2
12	1817669	0.5	FALSE	2
12	1222028	0.5	FALSE	2
12	498773	0.5	FALSE	2
12	12039054	0.5	FALSE	2
12	10048	0.5	FALSE	2
12	26294679	0.5	FALSE	2
12	900138	0.5	FALSE	2
12	192595	0.5	FALSE	2
12	6214652	0.5	FALSE	2
12	249270	0.5	FALSE	2
12	2122837	0.5	FALSE	2
12	3138479	0	FALSE	2
12	92399	0	FALSE	2
12	1190487	0	FALSE	2
12	47863730	0	FALSE	2
12	92693	0	FALSE	2
12	147735	0	FALSE	2
12	9718954	0	FALSE	2
12	4288347	0	FALSE	2
12	18959138	0	FALSE	2
12	34947001	0	FALSE	2
12	44847172	0	FALSE	2
12	18722789	0	FALSE	2
12	148105	0	FALSE	2
12	271860	0	FALSE	2
12	140985	0	FALSE	2
12	1242340	0	FALSE	2
12	3510895	0	FALSE	2
12	1093628	0	FALSE	2
12	1214387	0	FALSE	2
12	150116	0	FALSE	2
12	151183	0	FALSE	2
12	46770777	0	FALSE	2
12	878898	0	FALSE	2
12	933395	0	FALSE	2
12	22478	0	FALSE	2
12	7189249	0	FALSE	2
12	646966	0	FALSE	2
12	1307645	0	FALSE	2
12	574981	0	FALSE	2
12	238129	0	FALSE	2
12	1362038	0	FALSE	2
12	18842002	0	FALSE	2
44	1018943	3	FALSE	2
44	39975053	3	FALSE	2
44	511631	3	FALSE	2
44	34587199	3	FALSE	2
44	13224	3	FALSE	2
44	274048	2.5	FALSE	2
44	1118260	2.5	FALSE	2
44	12674	2	FALSE	1
44	362060	2	FALSE	1
44	242325	2	FALSE	2
44	470292	2	FALSE	1
44	3407677	2	FALSE	2
44	2467905	2	FALSE	2
44	620116	2	FALSE	2
44	32371220	2	FALSE	1
44	20926494	1.5	FALSE	2
44	48216868	1.5	FALSE	2
44	13019434	1.5	FALSE	2
44	320002	1.5	FALSE	2
44	4337123	1.5	FALSE	2
44	44379525	1.5	FALSE	2
44	173758	1.5	FALSE	2
44	5595658	1.5	FALSE	2
44	142280	1.5	FALSE	2
44	761937	1	FALSE	1
44	5612881	1	FALSE	2
44	265557	1	FALSE	2
44	10156432	1	FALSE	2
44	4319343	1	FALSE	1
44	2427453	1	FALSE	2
44	33685	1	FALSE	1
44	31825982	1	FALSE	1
44	2763538	1	FALSE	1
44	40053696	1	FALSE	1
44	39606848	1	FALSE	1
44	39565544	1	FALSE	2
44	33287912	1	FALSE	1
44	41207308	1	FALSE	1
44	1007711	1	FALSE	2
44	40494593	1	FALSE	2
44	540839	0.5	FALSE	2
44	20690688	0.5	FALSE	2
44	18535868	0.5	FALSE	2
44	1973	0	FALSE	1
44	771	0	FALSE	1
44	11284	0	FALSE	1
44	301718	0	FALSE	1
53	3510770	3	TRUE	2
53	6118686	3	TRUE	2
53	29748447	3	TRUE	2
53	37741596	3	TRUE	2
53	32297848	3	TRUE	2
53	14093967	3	TRUE	2
53	41674685	2.5	TRUE	2
53	7862201	2.5	TRUE	2
53	29719521	2	TRUE	2
53	372972	2	TRUE	2
53	25874017	2	TRUE	2
53	24540774	2	TRUE	2
53	41114676	2	TRUE	2
53	249623	2	TRUE	2
53	47534418	2	TRUE	2
53	31294700	2	TRUE	2
53	9976829	1.5	TRUE	2
53	23159034	1.5	TRUE	2
53	477944	1	TRUE	2
53	372962	1	TRUE	2
53	15221513	1	TRUE	2
53	30176439	1	TRUE	2
53	42748567	1	TRUE	2
53	5488304	1	TRUE	2
53	36310150	1	TRUE	2
53	4871265	1	TRUE	2
53	1421393	1	TRUE	2
53	29487031	1	TRUE	2
53	30298779	1	TRUE	2
53	12941274	1	TRUE	2
53	4778050	0.5	TRUE	2
53	20903342	0.5	TRUE	2
53	92656	0.5	TRUE	2
53	8496415	0.5	TRUE	2
53	1088294	0.5	TRUE	2
53	13070	0.5	TRUE	2
53	1527351	0.5	TRUE	2
53	2644222	0	TRUE	2
53	12878160	0	TRUE	2
53	23519329	0	TRUE	2
53	922128	0	TRUE	2
53	1880624	0	TRUE	2
53	389779	0	TRUE	2
53	4414523	0	TRUE	2
53	24140478	0	TRUE	2
53	1986205	0	TRUE	2
53	18912922	0	TRUE	2
53	13520582	0	TRUE	2
53	25219795	0	TRUE	2
53	26410	0	TRUE	2
53	42402	0	TRUE	2
53	263380	0	TRUE	2
53	7272	0	TRUE	2
53	26729461	0	TRUE	1
40	1119172	3	FALSE	2
40	3587329	2.5	FALSE	2
40	292133	2.5	FALSE	2
40	6394150	2	FALSE	2
40	7674607	2	FALSE	2
40	8816026	2	FALSE	2
40	2964862	2	FALSE	2
40	2107620	2	FALSE	2
40	20509727	2	FALSE	2
40	7088018	1.5	FALSE	2
40	12252243	1.5	FALSE	2
40	1412862	1.5	FALSE	2
40	26616649	1.5	FALSE	2
40	263893	1.5	FALSE	2
40	14412	1.5	FALSE	2
40	14689404	1.5	FALSE	2
40	17362869	1.5	FALSE	2
40	1310440	1.5	FALSE	2
40	4050614	1	FALSE	2
40	179439	1	FALSE	2
40	46262240	1	FALSE	2
40	1440683	1	FALSE	2
40	475027	1	FALSE	2
40	1491927	1	FALSE	2
40	18023183	1	FALSE	2
40	335446	1	FALSE	2
40	163118	1	FALSE	2
40	23966562	1	FALSE	2
40	3851154	0.5	FALSE	2
40	23931014	0.5	FALSE	2
40	27678061	0.5	FALSE	2
40	39923865	0.5	FALSE	2
40	25919471	0.5	FALSE	2
40	6456923	0.5	FALSE	2
40	3655043	0.5	FALSE	2
40	2903346	0.5	FALSE	2
40	28232164	0.5	FALSE	2
40	239096	0.5	FALSE	2
40	3124675	0.5	FALSE	2
40	34768863	0.5	FALSE	2
40	8939576	0.5	FALSE	2
40	39410821	0.5	FALSE	2
40	6414989	0	FALSE	2
40	1351906	0	FALSE	2
30	1974468	3	TRUE	2
30	474176	2.5	TRUE	2
30	349263	2.5	TRUE	2
30	2773076	2.5	TRUE	2
30	1267673	2	TRUE	2
30	42196437	2	TRUE	2
30	1461942	2	TRUE	2
30	7253190	2	TRUE	2
30	2894188	1.5	TRUE	2
30	1578251	1.5	TRUE	2
30	50015289	1.5	TRUE	2
30	731286	1.5	TRUE	2
30	3279430	1	TRUE	2
30	627701	1	TRUE	2
30	967007	1	TRUE	2
30	12024212	1	TRUE	2
30	34675238	1	TRUE	2
30	3117937	1	TRUE	2
30	1415685	1	TRUE	2
30	194367	1	TRUE	2
30	2546975	1	TRUE	2
30	8336448	1	TRUE	2
30	670335	1	TRUE	2
30	7327477	0.5	TRUE	2
30	39423801	0.5	TRUE	2
30	340576	0.5	TRUE	2
30	2593920	0.5	TRUE	2
30	20268582	0.5	TRUE	2
30	4442660	0.5	TRUE	2
30	30862330	0.5	TRUE	2
30	23616852	0.5	TRUE	2
30	39044436	0.5	TRUE	2
30	3016887	0.5	TRUE	2
30	2919738	0.5	TRUE	2
30	12156241	0.5	TRUE	2
30	396547	0.5	TRUE	2
30	6287102	0.5	TRUE	2
30	401269	0.5	TRUE	2
30	34301706	0	TRUE	2
30	48307198	0	TRUE	2
30	38188430	0	TRUE	2
30	18933383	0	TRUE	2
30	165647	0	TRUE	2
30	374278	0	TRUE	2
30	2737242	0	TRUE	2
30	23506850	0	TRUE	2
30	16448862	0	TRUE	2
30	4637590	0	TRUE	2
30	27630477	0	TRUE	2
30	34348752	0	TRUE	2
74	30296140	3	FALSE	2
74	31075223	1	FALSE	2
74	16612688	1	FALSE	1
74	857872	0.5	FALSE	2
74	125270	0.5	FALSE	2
74	5562461	0.5	FALSE	2
74	353649	0.5	FALSE	2
74	22458497	0.5	FALSE	2
74	50426438	0	FALSE	1
74	2729597	0	FALSE	2
74	1656264	0	FALSE	2
74	391082	0	FALSE	2
74	63892	0	FALSE	1
74	1329175	0	FALSE	2
74	252991	0	FALSE	2
74	7197238	0	FALSE	1
74	82792	0	FALSE	2
74	603521	0	FALSE	1
74	19024099	0	FALSE	2
74	8389	0	FALSE	1
74	2014129	0	FALSE	2
74	43619	0	FALSE	1
74	175401	0	FALSE	1
74	29044050	0	FALSE	2
74	2897228	0	FALSE	2
74	600171	0	FALSE	2
74	697242	0	FALSE	2
74	590643	0	FALSE	1
74	998127	0	FALSE	1
74	31931863	0	FALSE	2
74	26336227	0	FALSE	2
74	31145785	0	FALSE	2
74	2729650	0	FALSE	2
74	594590	0	FALSE	1
74	864776	0	FALSE	2
74	42561029	0	FALSE	2
74	102475	0	FALSE	1
74	39769264	0	FALSE	1
74	771665	0	FALSE	2
74	8950611	0	FALSE	2
74	32369132	0	FALSE	2
74	1263598	0	FALSE	1
74	30502669	0	FALSE	1
74	3808714	0	FALSE	1
74	31645611	0	FALSE	1
74	6443483	0	FALSE	2
74	916850	0	FALSE	2
74	49631227	0	FALSE	2
74	952865	0	FALSE	2
74	34958203	0	FALSE	2
74	39034	0	FALSE	2
74	41159364	0	FALSE	1
94	16473560	2	TRUE	2
94	451311	2	TRUE	2
94	275471	1.5	TRUE	2
94	46337491	1	TRUE	1
94	39659498	1	TRUE	2
94	7539762	1	TRUE	2
94	792318	1	TRUE	2
94	1224926	1	TRUE	2
94	38071469	1	TRUE	1
94	1384843	1	TRUE	2
94	601233	1	TRUE	2
94	2179359	1	TRUE	1
94	804246	1	TRUE	1
94	4137448	0.5	TRUE	2
94	18181298	0.5	TRUE	2
94	4773877	0.5	TRUE	2
94	1298330	0.5	TRUE	2
94	1298345	0.5	TRUE	2
94	1059964	0.5	TRUE	2
94	1182606	0.5	TRUE	2
94	4663687	0.5	TRUE	2
94	32369413	0	TRUE	2
94	21604161	0	TRUE	1
94	14828122	0	TRUE	2
94	41139616	0	TRUE	1
94	347828	0	TRUE	2
94	18757844	0	TRUE	2
94	38056607	0	TRUE	1
94	4543395	0	TRUE	2
94	30861063	0	TRUE	2
94	6062957	0	TRUE	2
94	20206150	0	TRUE	1
94	20207934	0	TRUE	1
94	4542637	0	TRUE	1
94	14756597	0	TRUE	1
94	3849792	0	TRUE	1
94	5388389	0	TRUE	2
94	21520433	0	TRUE	2
94	208414	0	TRUE	1
94	1060004	0	TRUE	1
94	43844900	0	TRUE	1
94	7390605	0	TRUE	2
94	1662116	0	TRUE	2
94	58607	0	TRUE	1
94	11916857	0	TRUE	2
94	1897862	0	TRUE	1
94	28689382	0	TRUE	1
94	42495232	0	TRUE	2
94	173334	0	TRUE	1
94	4705573	0	TRUE	2
94	4840844	0	TRUE	2
94	29289430	0	TRUE	1
94	34076476	0	TRUE	1
94	9433748	0	TRUE	2
94	18771696	0	TRUE	2
94	37050678	0	TRUE	2
94	980883	0	TRUE	1
94	22255260	0	TRUE	2
94	21152454	0	TRUE	2
8	5496996	3	TRUE	2
8	22056829	2	TRUE	1
8	4992469	2	TRUE	2
8	5037650	2	TRUE	2
8	40092261	2	TRUE	2
8	5649829	2	TRUE	2
8	3756379	2	TRUE	2
8	32734807	2	TRUE	2
8	29889155	1.5	TRUE	2
8	1805494	1	TRUE	1
8	21920643	1	TRUE	1
8	2021034	1	TRUE	1
8	28132505	1	TRUE	1
8	40159213	1	TRUE	2
8	11819290	1	TRUE	1
8	41766094	1	TRUE	2
8	1008352	1	TRUE	2
8	47387142	1	TRUE	2
8	2323677	0.5	TRUE	2
8	12540614	0.5	TRUE	2
8	28053562	0.5	TRUE	2
8	12212541	0.5	TRUE	2
8	15052307	0.5	TRUE	2
8	1830414	0.5	TRUE	2
8	1030414	0.5	TRUE	2
8	30265566	0	TRUE	1
8	12198502	0	TRUE	1
8	17343125	0	TRUE	1
8	41471150	0	TRUE	1
8	26668056	0	TRUE	1
8	31823226	0	TRUE	1
8	188509	0	TRUE	2
8	28969082	0	TRUE	1
8	4070443	0	TRUE	1
8	18375090	0	TRUE	1
8	1012585	0	TRUE	2
9	47489030	2.5	TRUE	2
9	4194808	2.5	TRUE	2
9	82152	2	TRUE	2
9	47787684	2	TRUE	2
9	5288950	2	TRUE	2
9	4988957	2	TRUE	2
9	6025794	1.5	TRUE	2
9	42018916	1.5	TRUE	2
9	28177214	1.5	TRUE	2
9	1511566	1.5	TRUE	2
9	4968593	1.5	TRUE	2
9	4939757	1.5	TRUE	2
9	13327740	1.5	TRUE	2
9	2044674	1.5	TRUE	2
9	2133597	1	TRUE	2
9	3345229	1	TRUE	2
9	3426975	1	TRUE	2
9	49392	0.5	TRUE	2
9	2686060	0.5	TRUE	2
9	1875865	0.5	TRUE	2
9	43975	0.5	TRUE	2
9	2083513	0.5	TRUE	2
9	1273448	0.5	TRUE	2
9	2435505	0	TRUE	2
9	38780183	0	TRUE	2
9	30076363	0	TRUE	2
9	32432	0	TRUE	2
9	4015445	0	TRUE	2
9	42640	0	TRUE	2
9	242260	0	TRUE	2
9	337689	0	TRUE	2
9	31740	0	TRUE	2
9	25471166	0	TRUE	2
9	49444	0	TRUE	2
9	10468075	0	TRUE	2
9	36686457	0	TRUE	2
9	23213	0	TRUE	2
9	152831	0	TRUE	2
96	32216781	3	FALSE	2
96	3739482	3	FALSE	2
96	7682050	3	FALSE	2
96	1202880	2.5	FALSE	2
96	613462	2.5	FALSE	2
96	8455448	2	FALSE	2
96	2128063	2	FALSE	2
96	3820525	2	FALSE	2
96	3312919	2	FALSE	2
96	6209079	2	FALSE	2
96	1477705	2	FALSE	2
96	1825632	2	FALSE	2
96	990784	2	FALSE	2
96	613472	1.5	FALSE	2
96	194561	1.5	FALSE	2
96	14830728	1.5	FALSE	2
96	965902	1.5	FALSE	2
96	1081783	1.5	FALSE	2
96	35368967	1.5	FALSE	2
96	194896	1.5	FALSE	2
96	15839	1.5	FALSE	2
96	1718809	1.5	FALSE	2
96	3313014	1.5	FALSE	2
96	7459055	1.5	FALSE	2
96	3876240	1.5	FALSE	2
96	14312606	1.5	FALSE	2
96	294884	1.5	FALSE	2
96	7250407	1.5	FALSE	2
96	13885225	1.5	FALSE	2
96	15188681	1.5	FALSE	2
96	86249	1.5	FALSE	2
96	3052943	1.5	FALSE	2
96	5018593	1.5	FALSE	2
96	157600	1	FALSE	2
96	23261305	1	FALSE	2
96	535144	0.5	FALSE	2
96	8245873	0	FALSE	2
25	30608933	2	FALSE	3
25	42181888	1.6667	FALSE	3
25	1018668	1.6667	FALSE	3
25	136897	1.6667	FALSE	3
25	39665444	1.6667	FALSE	3
25	3337355	1.6667	FALSE	3
25	13988060	1.3333	FALSE	3
25	45456	1.3333	FALSE	3
25	1229855	1.3333	FALSE	3
25	537442	1.3333	FALSE	3
25	903339	1.3333	FALSE	3
25	18650595	1.3333	FALSE	3
25	11722142	1.3333	FALSE	3
25	37653901	1.3333	FALSE	3
25	28050260	1.3333	FALSE	3
25	150928	1.3333	FALSE	3
25	303369	1.3333	FALSE	3
25	23584243	1.3333	FALSE	3
25	17076566	1.3333	FALSE	3
25	23038510	1.3333	FALSE	3
25	13262570	1	FALSE	3
25	9633767	1	FALSE	3
25	23309628	1	FALSE	3
25	39087371	1	FALSE	3
25	3391379	1	FALSE	3
25	5563053	1	FALSE	3
25	17546206	1	FALSE	3
25	26361325	1	FALSE	3
25	54350	0.6667	FALSE	3
25	2634195	0.6667	FALSE	3
25	5882184	0.6667	FALSE	3
25	3810186	0.6667	FALSE	3
25	2052429	0.3333	FALSE	3
25	24173901	0.3333	FALSE	3
56	1255407	3	FALSE	2
56	3141128	3	FALSE	2
56	624209	2	FALSE	2
56	43083432	2	FALSE	1
56	14877	1.5	FALSE	2
56	261642	1	FALSE	2
56	251061	1	FALSE	1
56	43674629	1	FALSE	2
56	1789818	1	FALSE	2
56	764694	1	FALSE	1
56	584469	1	FALSE	2
56	65888	1	FALSE	2
56	30796950	1	FALSE	2
56	1629848	0.5	FALSE	2
56	52991	0.5	FALSE	2
56	33693	0.5	FALSE	2
56	375313	0.5	FALSE	2
56	8573087	0.5	FALSE	2
56	1491814	0.5	FALSE	2
56	14395105	0.5	FALSE	2
56	261135	0.5	FALSE	2
56	19117626	0	FALSE	2
56	14896	0	FALSE	2
56	14585155	0	FALSE	1
56	636035	0	FALSE	1
56	865170	0	FALSE	2
56	6349042	0	FALSE	1
56	15957815	0	FALSE	1
56	337249	0	FALSE	1
56	12742305	0	FALSE	1
56	1454085	0	FALSE	2
56	251075	0	FALSE	2
56	13387305	0	FALSE	1
56	23424071	0	FALSE	1
56	3215084	0	FALSE	1
56	250708	0	FALSE	2
56	7294919	0	FALSE	2
27	169315	3	FALSE	2
27	48503	3	FALSE	2
27	3198559	2	FALSE	2
27	91851	2	FALSE	2
27	41612376	2	FALSE	2
27	1087522	2	FALSE	2
27	2263612	1.5	FALSE	2
27	7386285	1.5	FALSE	2
27	26267882	1.5	FALSE	2
27	14358690	1.5	FALSE	2
27	1526299	1.5	FALSE	2
27	15650750	1.5	FALSE	2
27	7486337	1.5	FALSE	2
27	7152010	1	FALSE	2
27	96619	1	FALSE	2
27	7390403	1	FALSE	2
27	8486632	1	FALSE	2
27	198933	1	FALSE	2
27	11695407	1	FALSE	2
27	2685408	1	FALSE	2
27	22496657	1	FALSE	2
27	526853	1	FALSE	2
27	15416275	1	FALSE	2
27	228551	1	FALSE	2
27	79495	1	FALSE	2
27	15415993	1	FALSE	2
27	511471	1	FALSE	2
27	1081702	1	FALSE	2
27	619846	0.5	FALSE	2
27	62114	0.5	FALSE	2
111	15243312	1	TRUE	2
111	591204	1	TRUE	2
111	4859327	1	TRUE	2
111	34292171	1	TRUE	2
111	27703638	0	TRUE	2
111	272802	0	TRUE	2
111	394823	0	TRUE	2
111	5569933	0	TRUE	2
111	602457	0	TRUE	2
111	1462853	0	TRUE	2
111	4741183	0	TRUE	2
111	13022883	0	TRUE	2
111	1863766	0	TRUE	2
111	1210303	0	TRUE	2
111	3797272	0	TRUE	2
111	1144608	0	TRUE	2
111	2568938	0	TRUE	2
111	2238003	0	TRUE	2
111	6492176	0	TRUE	2
111	1724301	0	TRUE	2
111	1381132	0	TRUE	2
111	641742	0	TRUE	2
73	4292152	2.5	FALSE	2
73	19318	2.5	FALSE	2
73	16053551	2.5	FALSE	2
73	41613588	2	FALSE	2
73	46778592	2	FALSE	2
73	31974163	2	FALSE	2
73	9055591	2	FALSE	2
73	4015445	2	FALSE	2
73	31869269	1.5	FALSE	2
73	25137601	1.5	FALSE	2
73	38924135	1.5	FALSE	2
73	39713709	1.5	FALSE	2
73	42163077	1.5	FALSE	2
73	48891	1.5	FALSE	2
73	12445507	1.5	FALSE	2
73	34446317	1.5	FALSE	2
73	15958541	1.5	FALSE	2
73	1858682	1	FALSE	2
73	19156663	1	FALSE	2
73	29034540	0.5	FALSE	2
73	2310	0.5	FALSE	2
73	793487	0.5	FALSE	2
26	11014515	1.5	FALSE	2
26	8308199	1.5	FALSE	2
26	27616673	1	FALSE	1
26	636377	0.5	FALSE	2
26	314465	0.5	FALSE	2
26	859962	0.5	FALSE	2
26	217940	0.5	FALSE	2
26	682454	0	FALSE	2
26	25441651	0	FALSE	2
26	518521	0	FALSE	2
26	14917601	0	FALSE	2
26	479798	0	FALSE	2
26	325917	0	FALSE	2
26	13804320	0	FALSE	2
26	62244	0	FALSE	2
26	812799	0	FALSE	2
26	391497	0	FALSE	2
26	1420491	0	FALSE	2
26	22648231	0	FALSE	2
26	17147106	0	FALSE	2
26	302768	0	FALSE	2
26	1114590	0	FALSE	2
26	6296064	0	FALSE	2
82	47015413	3	TRUE	2
82	46812355	2.5	TRUE	2
82	48606426	2	TRUE	2
82	38138868	1.5	TRUE	2
82	250680	1	TRUE	2
82	4513491	0.5	TRUE	2
82	32542364	0.5	TRUE	2
82	32545543	0.5	TRUE	2
82	29028116	0.5	TRUE	2
82	25406	0	TRUE	2
82	8686428	0	TRUE	2
82	8821389	0	TRUE	2
82	11370	0	TRUE	2
82	5927649	0	TRUE	2
82	31027047	0	TRUE	2
82	15573676	0	TRUE	2
82	15573	0	TRUE	2
82	14533	0	TRUE	2
82	10427356	0	TRUE	2
82	5447	0	TRUE	2
82	33199845	0	TRUE	2
82	6841765	0	TRUE	2
82	7977939	0	TRUE	2
82	5042916	0	TRUE	2
82	25405	0	TRUE	2
82	1108893	0	TRUE	2
82	22576	0	TRUE	2
82	7225266	0	TRUE	2
82	11867	0	TRUE	2
82	7239	0	TRUE	2
82	6841878	0	TRUE	2
82	33687938	0	TRUE	2
82	3722684	0	TRUE	2
82	5731464	0	TRUE	2
134	8371841	2.5	FALSE	2
134	2830057	1.5	FALSE	2
134	2905821	1.5	FALSE	2
134	2847463	1.5	FALSE	2
134	6249337	1.5	FALSE	2
134	31094050	1.5	FALSE	2
134	2896080	1.5	FALSE	2
134	13898305	1.5	FALSE	2
134	4478758	1	FALSE	2
134	8915336	1	FALSE	2
134	8924745	1	FALSE	2
134	23399707	1	FALSE	2
134	12489563	1	FALSE	2
134	2903342	1	FALSE	2
134	2901812	1	FALSE	2
134	11518114	0.5	FALSE	2
134	20980760	0.5	FALSE	2
134	6808776	0.5	FALSE	2
134	3672606	0.5	FALSE	2
134	10376888	0.5	FALSE	2
134	1320516	0.5	FALSE	2
134	33708849	0.5	FALSE	2
134	13879088	0.5	FALSE	2
134	10579068	0	FALSE	2
134	24997913	0	FALSE	2
134	36731368	0	FALSE	2
134	772452	0	FALSE	2
134	5769371	0	FALSE	2
134	17198	0	FALSE	2
2	142421	3	FALSE	2
2	2278403	3	FALSE	2
2	573288	2.5	FALSE	2
2	365905	1	FALSE	2
2	3871882	1	FALSE	2
2	3060756	1	FALSE	2
2	1846352	1	FALSE	2
2	967721	1	FALSE	2
2	25529530	1	FALSE	2
2	1843946	1	FALSE	2
2	3406837	1	FALSE	2
2	9112052	1	FALSE	2
2	7009491	1	FALSE	2
2	34895296	1	FALSE	2
2	2319006	1	FALSE	2
2	26714954	0.5	FALSE	2
2	19325619	0.5	FALSE	2
2	18717177	0.5	FALSE	2
2	2811692	0.5	FALSE	2
2	2863646	0.5	FALSE	2
2	27097	0.5	FALSE	2
2	20716485	0.5	FALSE	2
2	11002380	0.5	FALSE	2
2	10002046	0.5	FALSE	2
2	1657667	0.5	FALSE	2
2	41027869	0.5	FALSE	2
2	1782981	0.5	FALSE	2
2	320772	0.5	FALSE	2
2	5958182	0.5	FALSE	2
2	9466426	0	FALSE	2
2	18065848	0	FALSE	2
2	302808	0	FALSE	2
2	8277124	0	FALSE	2
2	10507423	0	FALSE	2
2	1082632	0	FALSE	2
16	5259845	3	FALSE	2
16	102585	3	FALSE	2
16	34055635	3	FALSE	2
16	17533037	3	FALSE	2
16	4124	3	FALSE	2
16	15844469	2.5	FALSE	2
16	430134	2.5	FALSE	2
16	209801	2.5	FALSE	2
16	10013559	2.5	FALSE	2
16	22317744	2.5	FALSE	2
16	40824317	2.5	FALSE	2
16	9323190	2.5	FALSE	2
16	29343636	2.5	FALSE	2
16	11894737	2	FALSE	2
16	10102226	2	FALSE	2
16	1660511	2	FALSE	2
16	650574	2	FALSE	2
16	22327904	2	FALSE	2
16	50942624	1	FALSE	2
16	28320	1	FALSE	2
16	17476877	1	FALSE	2
16	3372232	0.5	FALSE	2
113	9081713	2	FALSE	2
113	40783040	2	FALSE	2
113	11245038	2	FALSE	2
113	21709935	2	FALSE	2
113	5652807	2	FALSE	2
113	11145352	2	FALSE	2
113	46884277	2	FALSE	2
113	12227745	1.5	FALSE	2
113	17006	1.5	FALSE	2
113	32468394	1.5	FALSE	2
113	3127809	1	FALSE	2
113	196027	1	FALSE	2
113	4498032	1	FALSE	2
113	13257149	1	FALSE	2
113	8636156	0.5	FALSE	2
113	37432435	0.5	FALSE	2
113	5652540	0.5	FALSE	2
113	28904925	0.5	FALSE	2
113	678539	0.5	FALSE	2
113	12988781	0.5	FALSE	2
113	6549101	0.5	FALSE	2
113	17732469	0	FALSE	2
113	1847452	0	FALSE	2
113	7029990	0	FALSE	2
113	2395137	0	FALSE	2
113	46899721	0	FALSE	2
13	49452017	2	TRUE	2
13	21088290	2	TRUE	2
13	37531097	2	TRUE	2
13	8506	1.5	TRUE	2
13	2595542	1.5	TRUE	2
13	38860730	1.5	TRUE	2
13	47417323	0.5	TRUE	2
13	54244	0	TRUE	2
13	1231520	0	TRUE	2
13	333126	0	TRUE	2
13	2640809	0	TRUE	2
13	46607829	0	TRUE	2
13	767123	0	TRUE	2
13	391794	0	TRUE	2
13	8758	0	TRUE	2
13	10971408	0	TRUE	2
13	26344207	0	TRUE	2
13	1827768	0	TRUE	2
13	54245	0	TRUE	2
13	516138	0	TRUE	2
13	2233539	0	TRUE	2
13	28659	0	TRUE	2
13	581763	0	TRUE	2
13	38764894	0	TRUE	2
13	188580	0	TRUE	2
13	1132799	0	TRUE	2
13	18457155	0	TRUE	2
13	1076922	0	TRUE	2
123	45390653	3	TRUE	2
123	47224654	3	TRUE	2
123	38411152	3	TRUE	2
123	38422054	3	TRUE	2
123	45390656	3	TRUE	2
123	3845774	3	TRUE	2
123	42123775	3	TRUE	2
123	43314578	2.5	TRUE	2
123	44838277	2.5	TRUE	2
123	47552027	2	TRUE	2
123	4123375	1.5	TRUE	2
123	39667588	1.5	TRUE	2
123	118576	1	TRUE	2
123	20666669	1	TRUE	2
123	15670343	0.5	TRUE	2
123	8192	0.5	TRUE	2
123	10248774	0.5	TRUE	2
123	6983367	0.5	TRUE	2
123	336808	0.5	TRUE	2
123	563098	0.5	TRUE	2
123	3506360	0.5	TRUE	2
123	298049	0.5	TRUE	2
123	451907	0.5	TRUE	2
123	9707527	0	TRUE	1
119	3851432	3	TRUE	2
119	15778011	3	TRUE	2
119	16009497	3	TRUE	2
119	49688646	3	TRUE	2
119	16473863	3	TRUE	2
119	1056264	2.5	TRUE	2
119	11688240	2.5	TRUE	2
119	1689439	2	TRUE	2
119	18806337	2	TRUE	2
119	24344163	2	TRUE	2
119	20233977	2	TRUE	2
119	43288185	1.5	TRUE	2
119	1443917	1.5	TRUE	2
119	42145541	1.5	TRUE	2
119	5329800	1	TRUE	2
119	26227	0.5	TRUE	2
119	7290579	0.5	TRUE	2
119	56565	0.5	TRUE	2
119	14470771	0.5	TRUE	2
119	21626668	0	TRUE	2
119	15927696	0	TRUE	2
119	399532	0	TRUE	2
119	8023310	0	TRUE	2
119	11701374	0	TRUE	2
119	1115370	0	TRUE	2
119	26168	0	TRUE	2
14	164329	3	FALSE	2
14	12477279	3	FALSE	2
14	23886283	1	FALSE	2
14	49812	1	FALSE	2
14	11306950	0.5	FALSE	2
14	133062	0.5	FALSE	2
14	69755	0.5	FALSE	2
14	575735	0.5	FALSE	2
14	161479	0.5	FALSE	2
14	30763305	0.5	FALSE	2
14	543837	0.5	FALSE	2
14	493782	0.5	FALSE	2
14	39032	0.5	FALSE	2
14	619522	0.5	FALSE	2
14	48155923	0.5	FALSE	2
14	616416	0.5	FALSE	2
14	289578	0.5	FALSE	2
14	5273203	0.5	FALSE	2
14	381102	0.5	FALSE	2
14	23914596	0	FALSE	2
14	47898780	0	FALSE	2
14	977047	0	FALSE	2
61	27678721	2.5	FALSE	2
61	27700648	2.5	FALSE	2
61	3173101	1.5	FALSE	2
61	16698	1.5	FALSE	2
61	338778	1	FALSE	2
61	1300057	1	FALSE	2
61	1643331	1	FALSE	2
61	7849556	1	FALSE	2
61	1646705	1	FALSE	2
61	26704543	1	FALSE	2
61	170131	1	FALSE	2
61	31519850	1	FALSE	2
61	28156376	0.5	FALSE	2
61	19910604	0.5	FALSE	2
61	22725000	0.5	FALSE	2
61	29482370	0.5	FALSE	2
61	1554342	0.5	FALSE	2
61	4503602	0	FALSE	2
61	1569760	0	FALSE	2
61	3052270	0	FALSE	2
61	1632388	0	FALSE	2
61	23505559	0	FALSE	2
80	9147208	2.5	FALSE	2
80	40105522	0.5	FALSE	2
80	4294115	0.5	FALSE	2
80	4931954	0.5	FALSE	2
80	2379745	0.5	FALSE	2
80	234954	0.5	FALSE	2
80	22515893	0	FALSE	2
80	1975722	0	FALSE	2
80	11256142	0	FALSE	2
80	11741699	0	FALSE	2
80	111124	0	FALSE	2
80	1140153	0	FALSE	2
80	3917732	0	FALSE	2
80	5978717	0	FALSE	2
80	21566565	0	FALSE	2
80	10720479	0	FALSE	2
80	5075239	0	FALSE	2
80	16264207	0	FALSE	2
80	3079753	0	FALSE	2
80	118026	0	FALSE	2
80	22537985	0	FALSE	2
80	11341501	0	FALSE	2
80	25594397	0	FALSE	2
80	2843744	0	FALSE	2
80	1137525	0	FALSE	2
80	1008093	0	FALSE	2
80	13592829	0	FALSE	2
80	5988295	0	FALSE	2
80	8843251	0	FALSE	2
80	11149417	0	FALSE	2
80	2841714	0	FALSE	2
80	17070891	0	FALSE	2
80	8101017	0	FALSE	2
80	3544910	0	FALSE	2
80	1137559	0	FALSE	2
80	1456858	0	FALSE	2
80	129120	0	FALSE	2
10	16387185	3	FALSE	2
10	22208493	3	FALSE	2
10	1497221	3	FALSE	2
10	45406332	3	FALSE	2
10	27127312	1.5	FALSE	2
10	423894	1	FALSE	2
10	7425608	1	FALSE	2
10	44336081	1	FALSE	2
10	22899315	1	FALSE	2
10	36452726	1	FALSE	2
10	5809080	1	FALSE	2
10	31164570	1	FALSE	2
10	12393907	1	FALSE	2
10	7018276	1	FALSE	2
10	31033902	1	FALSE	2
10	24536069	1	FALSE	2
10	48916986	0.5	FALSE	2
10	34703	0.5	FALSE	2
52	1557634	2.5	FALSE	2
52	426856	2.5	FALSE	2
52	25512250	2.5	FALSE	2
52	3521050	2	FALSE	2
52	89371	2	FALSE	2
52	40695	2	FALSE	2
52	4830276	1.5	FALSE	2
52	2737743	1.5	FALSE	2
52	238686	1.5	FALSE	2
52	4533924	1.5	FALSE	2
52	2737739	1.5	FALSE	2
52	3821	1.5	FALSE	2
52	794841	1.5	FALSE	2
52	8453671	1	FALSE	2
52	3521614	1	FALSE	2
52	32186638	1	FALSE	2
52	10854684	1	FALSE	2
52	50564	0.5	FALSE	2
52	356457	0.5	FALSE	2
52	27159	0	FALSE	2
52	184846	0	FALSE	2
52	286774	0	FALSE	2
52	24082739	0	FALSE	2
52	2128334	0	FALSE	2
52	4689264	0	FALSE	2
66	40840855	0.5	TRUE	2
66	3873316	0.5	TRUE	2
66	47510796	0.5	TRUE	2
66	3179626	0	TRUE	2
66	37246375	0	TRUE	2
66	37490729	0	TRUE	2
66	42615204	0	TRUE	2
66	24801851	0	TRUE	2
66	1889619	0	TRUE	2
66	16150220	0	TRUE	2
66	2890783	0	TRUE	2
66	5092756	0	TRUE	2
66	602909	0	TRUE	2
66	42541865	0	TRUE	2
66	40623697	0	TRUE	2
66	38614782	0	TRUE	2
66	33455746	0	TRUE	2
66	40375556	0	TRUE	2
66	21684015	0	TRUE	2
66	158088	0	TRUE	2
66	45148531	0	TRUE	2
66	3770666	0	TRUE	2
66	1417429	0	TRUE	2
66	13244178	0	TRUE	2
66	4939277	0	TRUE	2
66	28936796	0	TRUE	2
66	46359140	0	TRUE	2
66	7473	0	TRUE	2
66	9089624	0	TRUE	2
66	42838969	0	TRUE	2
66	32796719	0	TRUE	2
66	33119	0	TRUE	2
66	2316631	0	TRUE	2
66	40133828	0	TRUE	2
66	34754202	0	TRUE	2
66	28348757	0	TRUE	2
66	6833284	0	TRUE	2
66	36245026	0	TRUE	2
66	33913356	0	TRUE	2
66	390158	0	TRUE	2
66	15112954	0	TRUE	2
66	31870089	0	TRUE	2
66	38320217	0	TRUE	2
66	27969432	0	TRUE	2
91	4130045	3	TRUE	2
91	3003562	3	TRUE	2
91	6733058	2.5	TRUE	2
91	7378394	2.5	TRUE	2
91	261002	2	TRUE	2
91	2097542	1.5	TRUE	2
91	35024575	1.5	TRUE	2
91	10237733	1.5	TRUE	2
91	507648	1	TRUE	2
91	10644145	1	TRUE	2
91	629472	0.5	TRUE	2
91	223796	0.5	TRUE	2
91	21487616	0.5	TRUE	2
91	12265948	0.5	TRUE	2
91	296352	0.5	TRUE	2
91	2827293	0.5	TRUE	2
91	386818	0.5	TRUE	2
91	992782	0.5	TRUE	2
91	11445429	0.5	TRUE	2
91	642850	0.5	TRUE	2
91	194112	0.5	TRUE	2
91	1532080	0.5	TRUE	2
91	21481	0	TRUE	2
91	26681251	0	TRUE	2
91	1314381	0	TRUE	2
91	544223	0	TRUE	2
91	19547609	0	TRUE	2
91	5431482	0	TRUE	2
91	24222	0	TRUE	2
91	37809418	0	TRUE	2
91	1053470	0	TRUE	2
91	3768009	0	TRUE	2
91	59644	0	TRUE	2
91	9631971	0	TRUE	2
91	347681	0	TRUE	2
91	1797747	0	TRUE	2
91	296370	0	TRUE	2
91	2094675	0	TRUE	2
91	41493162	0	TRUE	2
91	35116313	0	TRUE	2
91	523763	0	TRUE	2
91	22645353	0	TRUE	2
91	307834	0	TRUE	2
91	24578	0	TRUE	2
91	22841	0	TRUE	2
91	8260787	0	TRUE	2
91	6101279	0	TRUE	2
85	168255	3	TRUE	2
85	28623	3	TRUE	2
85	615999	3	TRUE	2
85	154527	2	TRUE	2
85	19619363	1.5	TRUE	2
85	33723672	1.5	TRUE	2
85	6147199	1.5	TRUE	2
85	43366342	1	TRUE	2
85	749790	1	TRUE	2
85	3126857	1	TRUE	2
85	1885523	1	TRUE	2
85	10277	1	TRUE	2
85	21345243	1	TRUE	2
85	21554680	1	TRUE	2
85	6719158	1	TRUE	2
85	45235301	0.5	TRUE	2
85	44562244	0.5	TRUE	2
85	57634	0.5	TRUE	2
85	784175	0.5	TRUE	2
85	19324055	0.5	TRUE	2
85	24642031	0.5	TRUE	2
85	3963356	0	TRUE	2
85	3822650	0	TRUE	2
85	1952819	0	TRUE	2
85	41539484	0	TRUE	2
85	3073220	0	TRUE	2
85	3537064	0	TRUE	2
85	2205317	0	TRUE	2
85	145640	0	TRUE	2
85	9120515	0	TRUE	2
85	7995974	0	TRUE	2
85	2119021	0	TRUE	2
50	242948	2.5	FALSE	2
50	1281190	2.5	FALSE	2
50	5427992	2	FALSE	2
50	9997029	2	FALSE	2
50	242947	2	FALSE	2
50	341356	2	FALSE	2
50	365053	1.5	FALSE	2
50	12343	1.5	FALSE	2
50	5596108	1.5	FALSE	2
50	3108008	1.5	FALSE	2
50	4923643	1.5	FALSE	2
50	1560454	1.5	FALSE	2
50	3585157	1.5	FALSE	2
50	460074	1.5	FALSE	2
50	244703	1.5	FALSE	2
50	247156	1.5	FALSE	2
50	1907513	1.5	FALSE	2
50	49233408	1	FALSE	2
50	6904083	1	FALSE	2
50	9084171	1	FALSE	2
50	2783123	1	FALSE	2
50	364941	1	FALSE	2
50	8336313	1	FALSE	2
50	1633168	1	FALSE	2
50	343250	0.5	FALSE	2
50	2422445	0.5	FALSE	2
50	1944773	0	FALSE	2
50	65384	0	FALSE	2
50	48629374	0	FALSE	2
50	312857	0	FALSE	2
50	15495588	0	FALSE	2
50	66440	0	FALSE	2
45	30873530	3	FALSE	2
45	224580	3	FALSE	2
45	1506950	2.5	FALSE	2
45	1555178	2.5	FALSE	2
45	2199761	2.5	FALSE	2
45	2169344	2.5	FALSE	2
45	434385	2	FALSE	2
45	1520408	2	FALSE	2
45	39904353	2	FALSE	2
45	405860	2	FALSE	2
45	11570261	2	FALSE	2
45	262383	1.5	FALSE	2
45	225880	1.5	FALSE	2
45	242911	1.5	FALSE	2
45	2092499	1.5	FALSE	2
45	592392	1.5	FALSE	2
45	1036386	1.5	FALSE	2
45	37165	1.5	FALSE	2
45	43356	1.5	FALSE	2
45	102100	1.5	FALSE	2
45	34411581	1.5	FALSE	2
45	3983307	1	FALSE	2
45	1971871	0.5	FALSE	2
45	1959454	0.5	FALSE	2
45	2145471	0.5	FALSE	2
45	585794	0.5	FALSE	2
45	197638	0	FALSE	2
45	2989618	0	FALSE	2
5	48986045	3	FALSE	2
5	40846570	2.5	FALSE	2
5	46701059	2	FALSE	2
5	50320554	2	FALSE	2
5	45231044	2	FALSE	2
5	50893507	1.5	FALSE	2
5	50410767	1.5	FALSE	2
5	48909080	1.5	FALSE	2
5	50553728	1.5	FALSE	2
5	31565831	1.5	FALSE	2
5	46698372	1.5	FALSE	2
5	42874641	1.5	FALSE	2
5	50371639	1.5	FALSE	2
5	16017429	1.5	FALSE	2
5	50607361	1.5	FALSE	2
5	50607612	1.5	FALSE	2
5	44809117	1	FALSE	2
5	43587686	1	FALSE	2
5	33608726	1	FALSE	2
5	961522	0.5	FALSE	2
5	2631401	0.5	FALSE	2
5	51387	0.5	FALSE	2
5	49315122	0.5	FALSE	2
5	1305563	0.5	FALSE	2
5	50373549	0.5	FALSE	2
5	42557189	0.5	FALSE	2
5	36762353	0.5	FALSE	2
5	615810	0.5	FALSE	2
5	49513884	0.5	FALSE	2
5	31645680	0.5	FALSE	2
5	42812650	0	FALSE	2
5	42044350	0	FALSE	2
5	2262098	0	FALSE	2
5	49169066	0	FALSE	2
3	1013859	2	FALSE	2
3	311366	1.5	FALSE	2
3	8007	1	FALSE	2
3	5340526	1	FALSE	2
3	7490861	1	FALSE	2
3	27961029	1	FALSE	2
3	13624519	1	FALSE	2
3	19712538	1	FALSE	2
3	49193388	1	FALSE	2
3	2609927	1	FALSE	2
3	1966049	1	FALSE	2
3	4015299	1	FALSE	2
3	23868856	0.5	FALSE	2
3	1057183	0.5	FALSE	2
3	265730	0.5	FALSE	2
3	3188555	0.5	FALSE	2
3	23207701	0.5	FALSE	2
3	20627	0.5	FALSE	2
3	870882	0.5	FALSE	2
3	207379	0.5	FALSE	2
3	23753251	0.5	FALSE	2
3	826723	0.5	FALSE	2
3	203433	0.5	FALSE	2
3	943694	0.5	FALSE	2
3	77304	0	FALSE	2
3	976903	0	FALSE	2
3	38040	0	FALSE	2
3	178713	0	FALSE	2
3	1064512	0	FALSE	2
3	38328485	0	FALSE	2
3	1017018	0	FALSE	2
3	5738	0	FALSE	2
3	19331	0	FALSE	2
3	43935	0	FALSE	2
3	251399	0	FALSE	2
3	203875	0	FALSE	2
15	62622	3	TRUE	2
15	1099196	3	TRUE	2
15	249526	2.5	TRUE	2
15	1063273	2.5	TRUE	2
15	350551	2.5	TRUE	2
15	35439977	2.5	TRUE	2
15	736540	2	TRUE	2
15	1791	2	TRUE	2
15	9404236	2	TRUE	2
15	5981665	2	TRUE	2
15	14939	2	TRUE	2
15	29186	2	TRUE	2
15	19169445	1.5	TRUE	2
15	38025	1.5	TRUE	2
15	15413524	1.5	TRUE	2
15	1034696	1.5	TRUE	2
15	198447	1.5	TRUE	2
15	2975	1.5	TRUE	2
15	9404044	1.5	TRUE	2
15	2002565	1	TRUE	2
15	2201259	0	TRUE	1
15	11875435	0	TRUE	2
112	5791492	3	FALSE	2
112	125616	2.5	FALSE	2
112	2254387	2.5	FALSE	2
112	56277	2	FALSE	2
112	46319	2	FALSE	2
112	6535	2	FALSE	2
112	1863410	1.5	FALSE	2
112	56333	1	FALSE	2
112	1615787	1	FALSE	2
112	30863347	1	FALSE	2
112	47837407	1	FALSE	2
112	11465977	1	FALSE	2
112	1868108	1	FALSE	2
112	57078	1	FALSE	2
112	5604688	0.5	FALSE	2
112	11471453	0.5	FALSE	2
112	8310305	0.5	FALSE	2
112	9013073	0.5	FALSE	2
112	1415333	0.5	FALSE	2
112	66556	0.5	FALSE	2
112	418228	0.5	FALSE	2
112	11471451	0.5	FALSE	2
112	638106	0.5	FALSE	2
112	1594759	0.5	FALSE	2
112	236695	0.5	FALSE	2
112	9229651	0.5	FALSE	2
112	827106	0.5	FALSE	2
112	17001	0.5	FALSE	2
112	47840723	0.5	FALSE	2
112	152561	0.5	FALSE	2
112	143471	0	FALSE	2
112	46576	0	FALSE	2
112	1421709	0	FALSE	2
112	5985739	0	FALSE	2
112	175217	0	FALSE	2
112	431003	0	FALSE	2
51	4022467	3	FALSE	2
51	233656	2.5	FALSE	2
51	20598041	1	FALSE	2
51	27333860	0.5	FALSE	2
51	6712361	0.5	FALSE	2
51	7921709	0.5	FALSE	2
51	1872736	0.5	FALSE	2
51	57559	0.5	FALSE	2
51	511332	0	FALSE	2
51	4334096	0	FALSE	2
11	2039635	3	FALSE	2
11	346133	3	FALSE	2
11	3625904	2.5	FALSE	2
11	46654061	2.5	FALSE	2
11	42008766	2	FALSE	2
11	10152043	1.5	FALSE	2
11	305596	1	FALSE	2
11	26443837	1	FALSE	2
11	25665627	1	FALSE	2
11	140857	0.5	FALSE	2
11	701991	0.5	FALSE	2
11	4522512	0.5	FALSE	2
11	40001934	0.5	FALSE	2
11	19609149	0.5	FALSE	2
11	26791738	0.5	FALSE	2
11	36773607	0.5	FALSE	2
11	347798	0.5	FALSE	2
11	2373408	0.5	FALSE	2
11	485540	0.5	FALSE	2
11	9913028	0.5	FALSE	2
11	32946139	0.5	FALSE	2
11	42155644	0.5	FALSE	2
11	1972708	0.5	FALSE	2
11	42274593	0.5	FALSE	2
11	3162717	0	FALSE	2
18	33275318	3	TRUE	2
18	34498197	3	TRUE	2
18	2015315	3	TRUE	2
18	405405	3	TRUE	2
18	45230258	3	TRUE	2
18	40861499	3	TRUE	2
18	40341635	3	TRUE	2
18	133462	3	TRUE	2
18	243674	2.5	TRUE	2
18	49525459	2	TRUE	2
18	42724343	2	TRUE	2
18	45392475	2	TRUE	2
18	1303939	1.5	TRUE	2
18	24380019	1	TRUE	2
18	1291594	1	TRUE	2
18	367085	1	TRUE	2
18	2587447	1	TRUE	2
18	18717177	1	TRUE	2
18	45020749	1	TRUE	2
18	2254778	1	TRUE	2
18	301574	1	TRUE	2
18	172838	1	TRUE	2
18	21910978	1	TRUE	2
18	22830026	1	TRUE	2
18	21910301	1	TRUE	2
18	16142831	0.5	TRUE	2
18	47037569	0.5	TRUE	2
18	1053447	0.5	TRUE	2
18	105391	0	TRUE	2
18	908185	0	TRUE	2
18	76361	0	TRUE	2
18	1727946	0	TRUE	2
18	1501424	0	TRUE	2
18	26708401	0	TRUE	2
18	392487	0	TRUE	2
18	5079506	0	TRUE	2
18	8253477	0	TRUE	2
18	36243974	0	TRUE	2
18	31752	0	TRUE	2
18	20746197	0	TRUE	2
18	68065	0	TRUE	2
18	95198	0	TRUE	2
18	47197344	0	TRUE	2
18	2287636	0	TRUE	2
103	119022	1.5	FALSE	2
103	4161536	1.5	FALSE	2
103	433578	1.5	FALSE	2
103	4193519	1.5	FALSE	2
103	14748147	1.5	FALSE	2
103	868657	1.5	FALSE	2
103	119023	1	FALSE	2
103	4847768	1	FALSE	2
103	58300	1	FALSE	2
103	37902068	1	FALSE	2
103	95090	1	FALSE	2
103	1219946	1	FALSE	2
103	28354807	0.5	FALSE	2
103	61594	0.5	FALSE	2
103	69248	0.5	FALSE	2
103	5799962	0.5	FALSE	2
103	82159	0.5	FALSE	2
103	3540747	0.5	FALSE	2
103	5734380	0.5	FALSE	2
103	4194303	0.5	FALSE	2
103	16996908	0	FALSE	2
103	22485058	0	FALSE	2
103	9409526	0	FALSE	2
103	126388	0	FALSE	2
103	127083	0	FALSE	2
103	26379200	0	FALSE	2
107	47862694	2.5	FALSE	2
107	550448	1.5	FALSE	2
107	1331741	1.5	FALSE	2
107	362930	1.5	FALSE	2
107	6109	1.5	FALSE	2
107	37483694	1	FALSE	2
107	47849263	1	FALSE	2
107	1781802	1	FALSE	2
107	176565	0.5	FALSE	2
107	75515	0.5	FALSE	2
107	39935792	0.5	FALSE	2
107	308412	0.5	FALSE	2
107	8236448	0.5	FALSE	2
107	2663002	0.5	FALSE	2
107	24851	0.5	FALSE	2
107	216990	0.5	FALSE	2
107	7985	0.5	FALSE	2
107	425059	0	FALSE	2
107	31320936	0	FALSE	2
107	53414	0	FALSE	2
107	1673316	0	FALSE	2
107	4744652	0	FALSE	2
107	36692860	0	FALSE	2
107	25012848	0	FALSE	2
107	1671080	0	FALSE	2
107	48212	0	FALSE	2
107	745000	0	FALSE	2
107	1189417	0	FALSE	2
120	145429	3	TRUE	2
120	473961	3	TRUE	2
120	21136086	3	TRUE	2
120	175275	3	TRUE	2
120	22619508	3	TRUE	2
120	32615619	2.5	TRUE	2
120	20616567	2.5	TRUE	2
120	175270	2.5	TRUE	2
120	22405385	2.5	TRUE	2
120	34180904	2.5	TRUE	2
120	1981010	2	TRUE	2
120	984812	2	TRUE	2
120	2826347	2	TRUE	2
120	8046672	2	TRUE	2
120	42758	2	TRUE	2
120	2168507	2	TRUE	2
120	7761389	2	TRUE	2
120	38270798	1.5	TRUE	2
120	10015180	1	TRUE	2
120	2843056	0.5	TRUE	2
120	82713	0	TRUE	2
120	467119	0	TRUE	2
120	20161411	0	TRUE	2
120	253655	0	TRUE	2
120	17414699	0	TRUE	2
120	31557630	0	TRUE	2
120	651486	0	TRUE	2
120	767863	0	TRUE	2
120	8304767	0	TRUE	2
120	31046125	0	TRUE	2
47	40624310	3	TRUE	2
47	49164586	2.5	TRUE	2
47	45649943	2.5	TRUE	2
47	47159463	2.5	TRUE	2
47	48732376	2	TRUE	2
47	49206777	2	TRUE	2
47	49224983	2	TRUE	2
47	350155	2	TRUE	2
47	2900386	2	TRUE	2
47	48877274	2	TRUE	2
47	2330697	1.5	TRUE	2
47	4390005	1.5	TRUE	2
47	914161	1.5	TRUE	2
47	13090	1.5	TRUE	2
47	47729033	1	TRUE	2
47	2448847	1	TRUE	2
47	2060822	1	TRUE	2
47	1982238	1	TRUE	2
47	1775902	1	TRUE	2
47	12064217	1	TRUE	2
47	312639	1	TRUE	2
47	1982193	1	TRUE	2
47	3330576	0.5	TRUE	2
47	7831056	0.5	TRUE	2
47	8127474	0.5	TRUE	2
47	31154497	0.5	TRUE	2
47	7560754	0	TRUE	2
47	13455888	0	TRUE	2
20	4971985	2	FALSE	2
84	15216451	3	FALSE	2
84	15858420	2.5	FALSE	2
84	32050140	2	FALSE	2
84	30879211	1.5	FALSE	2
84	10648207	1.5	FALSE	2
84	341861	1.5	FALSE	2
84	20206150	1.5	FALSE	2
84	20207934	1.5	FALSE	2
84	29625178	1	FALSE	2
84	25165829	1	FALSE	2
84	4582716	1	FALSE	2
84	22686	1	FALSE	2
84	16810531	1	FALSE	2
84	15328988	1	FALSE	2
84	1750889	1	FALSE	2
84	31475619	1	FALSE	2
84	31066255	1	FALSE	2
84	47897648	1	FALSE	2
84	38991549	0.5	FALSE	2
84	35149255	0.5	FALSE	2
84	14433897	0.5	FALSE	2
84	41126432	0	FALSE	2
84	35523640	0	FALSE	2
84	412879	0	FALSE	2
84	29408197	0	FALSE	2
84	6289269	0	FALSE	2
84	756107	0	FALSE	2
84	37527	0	FALSE	2
84	42877032	0	FALSE	2
43	229236	3	FALSE	2
43	286921	3	FALSE	2
43	475460	2	FALSE	2
43	42035006	2	FALSE	2
43	9715234	2	FALSE	2
43	12591022	2	FALSE	2
43	10992	1	FALSE	2
43	112059	0.5	FALSE	2
43	112174	0.5	FALSE	2
43	57834	0.5	FALSE	2
43	27511123	0.5	FALSE	2
43	110981	0.5	FALSE	2
43	47729105	0.5	FALSE	2
43	2099698	0.5	FALSE	2
43	95606	0.5	FALSE	2
43	49362327	0.5	FALSE	2
43	259826	0.5	FALSE	2
43	9278560	0.5	FALSE	2
43	37590993	0	FALSE	2
43	2322076	0	FALSE	2
43	36558397	0	FALSE	2
43	20834338	0	FALSE	2
43	32652421	0	FALSE	2
43	27862108	0	FALSE	2
43	24694390	0	FALSE	2
43	37950954	0	FALSE	2
43	4247207	0	FALSE	2
43	7500688	0	FALSE	2
43	6596665	0	FALSE	2
43	2630969	0	FALSE	2
62	24922198	1.5	FALSE	2
62	698830	1.5	FALSE	2
62	2451131	1	FALSE	2
62	7511903	0.5	FALSE	2
62	35321494	0.5	FALSE	2
62	1499385	0.5	FALSE	2
62	4539575	0.5	FALSE	2
62	3327002	0.5	FALSE	2
62	27175576	0.5	FALSE	2
62	6271605	0.5	FALSE	2
62	692197	0.5	FALSE	2
62	842007	0.5	FALSE	2
62	16064203	0.5	FALSE	2
62	39531720	0.5	FALSE	2
62	14952458	0.5	FALSE	2
62	16583780	0.5	FALSE	2
62	635764	0	FALSE	2
62	242042	0	FALSE	2
62	19283178	0	FALSE	2
62	381286	0	FALSE	2
62	11023828	0	FALSE	2
62	40111431	0	FALSE	2
62	94324	0	FALSE	2
62	501413	0	FALSE	2
62	41310276	0	FALSE	2
62	963915	0	FALSE	2
62	22947537	0	FALSE	2
62	16802711	0	FALSE	2
62	232692	0	FALSE	2
62	10586592	0	FALSE	2
62	28504463	0	FALSE	2
62	3105018	0	FALSE	1
62	44304034	0	FALSE	2
62	4035720	0	FALSE	2
62	392066	0	FALSE	2
62	10617707	0	FALSE	2
62	1561557	0	FALSE	2
62	45188075	0	FALSE	2
62	1195048	0	FALSE	2
62	68130	0	FALSE	2
62	850048	0	FALSE	2
62	3588045	0	FALSE	2
33	2480513	3	TRUE	2
33	1203631	2.5	TRUE	2
33	5948655	2.5	TRUE	2
33	5052197	2.5	TRUE	2
33	2011909	2	TRUE	2
33	1409480	2	TRUE	2
33	4105885	2	TRUE	2
33	4859452	1.5	TRUE	2
33	2074779	1.5	TRUE	2
33	32960772	1	TRUE	2
33	40343937	1	TRUE	2
33	39044058	1	TRUE	2
33	33188226	1	TRUE	2
33	3414766	1	TRUE	2
33	43695707	1	TRUE	2
33	26050994	1	TRUE	2
33	1705836	0.5	TRUE	2
33	47837763	0.5	TRUE	2
33	5837175	0.5	TRUE	2
33	2724222	0.5	TRUE	2
33	12558284	0.5	TRUE	2
33	23793860	0.5	TRUE	2
33	48382968	0.5	TRUE	2
33	2119841	0	TRUE	2
33	31000142	0	TRUE	2
33	2274784	0	TRUE	2
33	4263068	0	TRUE	2
33	41910048	0	TRUE	2
33	1203666	0	TRUE	2
33	2217461	0	TRUE	2
33	5565205	0	TRUE	2
129	90998	3	FALSE	2
129	748633	2.5	FALSE	2
129	26703973	2	FALSE	2
129	138631	1.5	FALSE	2
129	20128027	1.5	FALSE	2
129	17101676	1.5	FALSE	2
129	138627	1.5	FALSE	2
129	138629	1.5	FALSE	2
129	138630	1.5	FALSE	2
129	58312	1.5	FALSE	2
129	36335639	1.5	FALSE	2
129	3067845	1	FALSE	2
129	3067827	1	FALSE	2
129	7504843	0.5	FALSE	2
129	40170075	0.5	FALSE	2
129	103685	0.5	FALSE	2
129	91034	0.5	FALSE	2
129	2638169	0.5	FALSE	2
129	8955907	0	FALSE	2
99	21392989	3	FALSE	2
99	18597983	2.5	FALSE	2
99	34238744	2	FALSE	2
99	4240292	2	FALSE	2
99	41186416	2	FALSE	2
99	11021061	2	FALSE	2
99	29650281	2	FALSE	2
99	1583146	2	FALSE	2
99	22076	2	FALSE	2
99	33246398	2	FALSE	2
99	27959181	2	FALSE	2
99	633	2	FALSE	2
99	44428	2	FALSE	2
99	39215084	2	FALSE	2
99	10472648	1.5	FALSE	2
99	235950	1.5	FALSE	2
99	30698444	1.5	FALSE	2
99	698223	1.5	FALSE	2
99	1846076	1.5	FALSE	2
99	7058342	1.5	FALSE	2
99	29607034	1.5	FALSE	2
99	38995	1	FALSE	2
99	42613845	1	FALSE	2
99	25520575	1	FALSE	2
99	23181822	1	FALSE	2
99	3262	1	FALSE	2
99	25448	1	FALSE	2
99	3379409	1	FALSE	2
99	341046	1	FALSE	2
99	233271	1	FALSE	2
99	2635	1	FALSE	2
99	1198399	0.5	FALSE	2
109	29048	3	FALSE	2
109	29049	2.5	FALSE	2
109	1140	2.5	FALSE	2
109	2586611	2.5	FALSE	2
109	3548161	2	FALSE	2
109	38492620	2	FALSE	2
109	574024	2	FALSE	2
109	20637	2	FALSE	2
109	41701	2	FALSE	2
109	41064	2	FALSE	2
109	5549818	2	FALSE	2
109	40931	2	FALSE	2
109	25144	2	FALSE	2
109	153217	2	FALSE	2
109	41762	2	FALSE	2
109	25316	1.5	FALSE	2
109	382167	1.5	FALSE	2
109	13681718	1	FALSE	2
109	41193	1	FALSE	2
109	24772	1	FALSE	2
109	41488	1	FALSE	2
109	288650	1	FALSE	2
109	66926	1	FALSE	2
109	41049	1	FALSE	2
109	4723153	0.5	FALSE	2
109	166439	0.5	FALSE	2
109	10835	0.5	FALSE	2
109	1408014	0.5	FALSE	2
109	946426	0.5	FALSE	2
109	14564587	0.5	FALSE	2
109	291706	0.5	FALSE	2
109	41551	0.5	FALSE	2
109	17928653	0	FALSE	2
58	17416380	1	FALSE	1
58	52040	0.5	FALSE	2
58	8269180	0	FALSE	1
58	617147	0	FALSE	1
58	2975728	0	FALSE	2
58	16379	0	FALSE	2
58	9976582	0	FALSE	2
58	488068	0	FALSE	2
58	198964	0	FALSE	2
58	8054351	0	FALSE	2
58	211820	0	FALSE	2
58	1070331	0	FALSE	1
58	24197931	0	FALSE	2
58	10036918	0	FALSE	1
58	2848283	0	FALSE	2
58	1228175	0	FALSE	2
58	26808	0	FALSE	2
58	206879	0	FALSE	2
58	3939384	0	FALSE	2
58	88609	0	FALSE	2
58	1315340	0	FALSE	2
58	247003	0	FALSE	2
58	6432	0	FALSE	2
58	277006	0	FALSE	2
58	238646	0	FALSE	2
58	266317	0	FALSE	2
58	164656	0	FALSE	2
58	10929	0	FALSE	1
58	3938702	0	FALSE	2
58	2659967	0	FALSE	2
58	5213152	0	FALSE	2
58	2537540	0	FALSE	2
58	3536342	0	FALSE	2
58	21721	0	FALSE	2
58	359127	0	FALSE	2
58	37374	0	FALSE	2
58	313268	0	FALSE	1
58	2299551	0	FALSE	2
58	1203751	0	FALSE	2
58	78035	0	FALSE	2
7	13810090	3	TRUE	2
7	28632	3	TRUE	2
7	5421222	2	TRUE	2
7	19283071	2	TRUE	2
7	3343419	2	TRUE	2
7	2343	2	TRUE	2
7	6999487	2	TRUE	2
7	20105034	2	TRUE	2
7	13558905	2	TRUE	2
7	7043340	2	TRUE	2
7	3251890	2	TRUE	2
7	310836	1.5	TRUE	2
7	5967956	1.5	TRUE	2
7	15206017	1.5	TRUE	2
7	3326960	1	TRUE	2
7	6960693	1	TRUE	2
7	715877	1	TRUE	2
7	4959681	1	TRUE	2
7	715814	1	TRUE	2
7	1250915	1	TRUE	2
7	854624	1	TRUE	2
7	6946633	1	TRUE	2
7	9645998	0.5	TRUE	2
7	1985591	0.5	TRUE	2
7	442485	0.5	TRUE	2
7	4972033	0.5	TRUE	2
7	11391739	0.5	TRUE	2
7	6140223	0	TRUE	2
7	3172646	0	TRUE	2
7	1957663	0	TRUE	2
7	318621	0	TRUE	2
7	91939	0	TRUE	2
104	28269	3	FALSE	2
104	11256082	1.5	FALSE	2
104	948515	1.5	FALSE	2
104	2390326	1	FALSE	2
104	12561228	1	FALSE	2
104	3644393	1	FALSE	2
104	11859513	1	FALSE	2
104	11543143	1	FALSE	2
104	5128118	1	FALSE	2
104	633314	1	FALSE	2
104	8394133	1	FALSE	2
104	4439115	0.5	FALSE	2
104	861184	0.5	FALSE	2
104	5846064	0.5	FALSE	2
104	414308	0.5	FALSE	2
104	1248931	0.5	FALSE	2
104	2405448	0.5	FALSE	2
104	33047905	0	FALSE	2
104	9468375	0	FALSE	2
104	13671046	0	FALSE	2
115	17752353	3	TRUE	3
115	620905	2.3333	TRUE	3
115	3126857	2.3333	TRUE	3
115	12997428	2	TRUE	3
115	164155	2	TRUE	3
115	1723270	1.6667	TRUE	3
115	2286484	1.3333	TRUE	3
115	5033949	1.3333	TRUE	3
115	12965082	0.6667	TRUE	3
115	1149303	0.3333	TRUE	3
115	213765	0.3333	TRUE	3
115	40676800	0.3333	TRUE	3
115	189776	0	TRUE	3
115	46064	0	TRUE	3
115	606199	0	TRUE	3
115	83502	0	TRUE	3
115	16973860	0	TRUE	3
89	4502568	2.5	TRUE	2
89	944758	2.5	TRUE	2
89	448133	1.5	TRUE	2
89	21964054	1.5	TRUE	2
89	6025118	1.5	TRUE	2
89	7982883	1	TRUE	2
89	2688319	1	TRUE	2
89	49593	1	TRUE	2
89	4612127	1	TRUE	2
89	2391004	1	TRUE	2
89	24330	1	TRUE	2
89	1275446	1	TRUE	2
89	4710346	0.5	TRUE	2
89	48525487	0.5	TRUE	2
89	4525090	0	TRUE	2
89	320509	0	TRUE	2
89	5158867	0	TRUE	2
89	285152	0	TRUE	2
89	985964	0	TRUE	2
89	41149597	0	TRUE	2
89	1347949	0	TRUE	2
89	653598	0	TRUE	2
89	21331990	0	TRUE	2
108	27040	3	FALSE	2
108	358519	3	FALSE	2
108	32339829	2.5	FALSE	2
108	38543721	2.5	FALSE	2
108	1523439	2	FALSE	2
108	33186	2	FALSE	2
108	2147080	2	FALSE	2
108	1118689	2	FALSE	2
108	1672787	1.5	FALSE	2
108	1055984	1.5	FALSE	2
108	1672788	1.5	FALSE	2
108	1672798	1.5	FALSE	2
108	1299930	1.5	FALSE	2
108	31665471	1.5	FALSE	2
108	10374520	1.5	FALSE	2
108	436621	1.5	FALSE	2
108	46138	1.5	FALSE	2
108	3609974	1.5	FALSE	2
108	12574930	1.5	FALSE	2
108	1969218	1.5	FALSE	2
108	3087910	1.5	FALSE	2
108	20031091	1.5	FALSE	2
108	5778795	1.5	FALSE	2
108	12080445	1.5	FALSE	2
108	1827286	1.5	FALSE	2
108	979661	1.5	FALSE	2
108	1141250	1	FALSE	2
108	198274	1	FALSE	2
108	20000037	1	FALSE	2
108	11193991	1	FALSE	2
108	11117726	0.5	FALSE	2
108	408634	0.5	FALSE	2
108	32237570	0	FALSE	2
114	34816861	3	FALSE	2
114	46234603	3	FALSE	2
114	19363617	3	FALSE	2
114	187586	2.5	FALSE	2
114	6577803	2	FALSE	2
114	39362074	2	FALSE	2
114	3042039	2	FALSE	2
114	22824759	2	FALSE	2
114	36581348	2	FALSE	2
114	163246	2	FALSE	2
114	33737234	2	FALSE	2
114	22735404	2	FALSE	2
114	340422	2	FALSE	2
114	644713	2	FALSE	2
114	172293	2	FALSE	2
114	5587043	2	FALSE	2
114	49143625	2	FALSE	2
114	443769	2	FALSE	2
114	39908864	1.5	FALSE	2
114	49850760	1.5	FALSE	2
114	12884066	1.5	FALSE	2
114	29838	1.5	FALSE	2
114	3805969	1.5	FALSE	2
114	9570197	1.5	FALSE	2
114	38795806	1.5	FALSE	2
114	29108688	1.5	FALSE	2
114	46292168	1.5	FALSE	2
114	37490729	1.5	FALSE	2
114	1273596	1	FALSE	2
114	16888086	1	FALSE	2
114	218841	1	FALSE	2
114	35329893	0.5	FALSE	2
114	1618906	0	FALSE	2
114	43238440	0	FALSE	2
114	49197852	0	FALSE	2
19	37866923	2.5	TRUE	2
19	33566842	2	TRUE	2
19	1161224	2	TRUE	2
19	5411700	1.5	TRUE	2
19	49796	1.5	TRUE	2
19	5634966	1	TRUE	2
19	277353	1	TRUE	2
19	1029277	1	TRUE	2
19	5276482	1	TRUE	2
19	919757	0.5	TRUE	2
19	2504168	0.5	TRUE	2
19	848496	0.5	TRUE	2
19	69452	0.5	TRUE	2
19	8489486	0.5	TRUE	2
19	33090780	0.5	TRUE	2
19	21910593	0.5	TRUE	2
19	5362967	0	TRUE	2
19	617218	0	TRUE	2
19	1398686	0	TRUE	1
41	15893489	3	FALSE	2
41	25214307	2.5	FALSE	2
41	19567	1.5	FALSE	2
41	44437774	1.5	FALSE	2
41	143115	1.5	FALSE	2
41	25091940	1	FALSE	2
41	2419850	0.5	FALSE	2
41	2013687	0.5	FALSE	2
41	1511862	0.5	FALSE	2
41	151648	0.5	FALSE	2
41	3088223	0.5	FALSE	2
41	2393990	0.5	FALSE	2
41	1963144	0.5	FALSE	2
41	3096851	0.5	FALSE	2
41	30778452	0	FALSE	2
41	24529342	0	FALSE	2
41	211405	0	FALSE	2
41	362025	0	FALSE	2
41	705635	0	FALSE	2
41	18835541	0	FALSE	2
41	184873	0	FALSE	2
78	40051481	2.5	TRUE	2
78	21849	2.5	TRUE	2
78	40597603	2	TRUE	2
78	16613561	2	TRUE	2
78	21525701	2	TRUE	2
78	485664	2	TRUE	2
78	100062	1.5	TRUE	2
78	453401	1.5	TRUE	2
78	5795031	1	TRUE	2
78	1833226	1	TRUE	2
78	887144	1	TRUE	2
78	2682821	1	TRUE	2
78	6213461	1	TRUE	2
78	1092099	1	TRUE	2
78	88528	1	TRUE	2
78	1173744	1	TRUE	2
78	20482536	1	TRUE	2
78	1788428	1	TRUE	2
78	4449077	1	TRUE	2
78	1820099	1	TRUE	2
78	2701886	1	TRUE	2
78	405665	1	TRUE	2
78	2013342	1	TRUE	2
78	1661570	1	TRUE	2
78	1494288	1	TRUE	2
78	2062576	1	TRUE	2
78	35915315	1	TRUE	2
78	412595	1	TRUE	2
78	501566	1	TRUE	2
78	5064492	1	TRUE	2
78	963105	1	TRUE	2
78	73963	1	TRUE	2
78	1661446	1	TRUE	2
78	2037499	1	TRUE	2
78	2226187	1	TRUE	2
78	198433	1	TRUE	2
78	655533	1	TRUE	2
78	1741368	1	TRUE	2
101	1213664	3	FALSE	2
101	1495245	3	FALSE	2
101	21551748	2.5	FALSE	2
101	21657385	2.5	FALSE	2
101	10973723	2.5	FALSE	2
101	307080	2.5	FALSE	2
101	675225	2	FALSE	2
101	188121	2	FALSE	2
101	16932218	1.5	FALSE	2
101	58796	1.5	FALSE	2
101	7267756	1.5	FALSE	2
101	26618033	1.5	FALSE	2
101	21551425	1.5	FALSE	2
101	51845	1.5	FALSE	2
101	99717	1	FALSE	2
101	10972934	1	FALSE	2
101	7309003	1	FALSE	2
101	1153480	1	FALSE	2
101	48339673	1	FALSE	2
101	11524102	0.5	FALSE	2
101	31793900	0.5	FALSE	2
101	25391981	0.5	FALSE	2
101	7932522	0.5	FALSE	2
101	161395	0.5	FALSE	2
101	2883943	0.5	FALSE	2
101	164466	0.5	FALSE	2
101	11099419	0	FALSE	1
35	10184	3	FALSE	2
35	1866009	3	FALSE	2
35	34301571	3	FALSE	1
35	23643065	2.5	FALSE	2
35	45434	2.5	FALSE	2
35	39699737	2.5	FALSE	2
35	424402	2.5	FALSE	2
35	11055676	2	FALSE	2
35	8162609	2	FALSE	2
35	188641	2	FALSE	2
35	7551939	2	FALSE	2
35	4145596	2	FALSE	2
35	8850562	2	FALSE	2
35	14543313	2	FALSE	2
35	7478345	2	FALSE	2
35	70869	2	FALSE	2
35	23568464	2	FALSE	2
35	10183	1.5	FALSE	2
35	558685	1.5	FALSE	2
35	171964	1.5	FALSE	2
35	3340881	1	FALSE	2
35	89844	1	FALSE	2
35	8149492	1	FALSE	2
95	48482473	3	TRUE	2
95	46303973	3	TRUE	2
95	22098593	3	TRUE	2
95	23390794	3	TRUE	2
95	47983398	3	TRUE	2
95	232273	3	TRUE	2
95	22823500	3	TRUE	2
95	50165030	3	TRUE	2
95	37238574	2.5	TRUE	2
95	750623	1.5	TRUE	2
95	50271849	1.5	TRUE	2
95	50137317	0.5	TRUE	2
95	48521490	0.5	TRUE	2
95	32433271	0.5	TRUE	2
95	50178665	0.5	TRUE	2
95	80335	0	TRUE	2
95	161781	0	TRUE	2
95	912080	0	TRUE	2
95	50179847	0	TRUE	2
95	20913753	0	TRUE	2
110	29131	3	FALSE	2
110	1011002	2.5	FALSE	2
110	174949	2	FALSE	1
110	291253	2	FALSE	2
110	27718	2	FALSE	2
110	42968661	1.5	FALSE	2
110	16338520	1.5	FALSE	2
110	29136	1.5	FALSE	2
110	2145410	1.5	FALSE	2
110	29130	1.5	FALSE	2
110	3853051	1.5	FALSE	2
110	1406500	1.5	FALSE	2
110	37412403	1.5	FALSE	2
110	685028	1.5	FALSE	2
110	29150	1.5	FALSE	2
110	18784650	1.5	FALSE	2
110	685010	1.5	FALSE	2
110	28975	1.5	FALSE	2
110	1227585	1.5	FALSE	2
110	4057023	1.5	FALSE	2
110	29128	1.5	FALSE	2
110	29132	1.5	FALSE	2
110	2401717	1	FALSE	2
110	29152	1	FALSE	2
110	1312730	0.5	FALSE	2
127	6971349	3	TRUE	3
127	277462	3	TRUE	3
127	9776457	1.5	TRUE	2
127	339	0	TRUE	3
127	80128	0	TRUE	3
127	3780976	0	TRUE	3
127	38318195	0	TRUE	3
127	18717338	0	TRUE	3
127	43489927	0	TRUE	3
127	214591	0	TRUE	3
127	82299	0	TRUE	3
127	38154879	0	TRUE	3
127	31458397	0	TRUE	3
127	9821568	0	TRUE	2
127	43566078	0	TRUE	3
127	40742295	0	TRUE	3
127	46804638	0	TRUE	2
127	3341232	0	TRUE	3
127	298686	0	TRUE	3
127	128387	0	TRUE	3
127	23712727	0	TRUE	3
127	549117	0	TRUE	3
127	441617	0	TRUE	3
127	2385768	0	TRUE	2
127	4618033	0	TRUE	3
127	11914121	0	TRUE	3
127	20518353	0	TRUE	3
127	2726039	0	TRUE	3
127	6271866	0	TRUE	3
127	38489372	0	TRUE	3
127	12684	0	TRUE	2
127	22256	0	TRUE	3
127	10623137	0	TRUE	3
118	93585	3	TRUE	2
118	2413490	1.5	TRUE	2
118	665199	1	TRUE	2
118	1808856	1	TRUE	2
118	24677037	1	TRUE	2
118	3889949	1	TRUE	2
118	245395	1	TRUE	2
118	1166383	1	TRUE	2
118	8349940	1	TRUE	2
118	7939358	1	TRUE	2
118	2683268	1	TRUE	2
118	1341271	1	TRUE	2
118	2283925	0.5	TRUE	2
118	36084923	0.5	TRUE	2
118	47544366	0	TRUE	2
118	4626577	0	TRUE	2
118	162193	0	TRUE	2
118	1528753	0	TRUE	2
118	162063	0	TRUE	2
118	4159597	0	TRUE	2
118	53435	0	TRUE	2
118	25689479	0	TRUE	2
133	8127366	1	FALSE	2
133	204287	1	FALSE	2
133	32689330	1	FALSE	2
133	45137935	1	FALSE	2
133	15167165	1	FALSE	2
133	287291	0.5	FALSE	2
133	4904530	0.5	FALSE	2
133	6015047	0.5	FALSE	2
133	849410	0.5	FALSE	2
133	28419612	0.5	FALSE	2
133	194863	0.5	FALSE	2
133	1307053	0.5	FALSE	2
133	3567864	0.5	FALSE	2
133	3127024	0.5	FALSE	2
133	40812616	0.5	FALSE	2
133	3907024	0.5	FALSE	2
133	3567828	0.5	FALSE	2
133	315419	0	FALSE	2
133	300827	0	FALSE	2
133	535147	0	FALSE	2
133	410281	0	FALSE	2
133	95855	0	FALSE	2
133	1452948	0	FALSE	2
133	34490268	0	FALSE	2
133	152943	0	FALSE	2
133	353400	0	FALSE	2
133	1997324	0	FALSE	2
133	29919571	0	FALSE	2
133	636676	0	FALSE	2
133	66971	0	FALSE	2
133	200149	0	FALSE	2
133	307512	0	FALSE	2
133	6248846	0	FALSE	2
133	3178968	0	FALSE	2
133	295903	0	FALSE	2
133	292128	0	FALSE	2
133	15614	0	FALSE	2
133	350514	0	FALSE	2
133	35243	0	FALSE	2
133	10196459	0	FALSE	2
133	13539706	0	FALSE	2
122	22831851	2.5	TRUE	2
122	15174260	2.5	TRUE	2
122	34015948	2.5	TRUE	2
122	3237808	2.5	TRUE	2
122	47374678	2.5	TRUE	2
122	8980686	2	TRUE	2
122	2337730	2	TRUE	2
122	667881	1.5	TRUE	2
122	49315586	1.5	TRUE	2
122	14841028	1.5	TRUE	2
122	50931810	1.5	TRUE	2
122	50375864	0.5	TRUE	2
122	19854884	0.5	TRUE	2
122	27969387	0	TRUE	2
122	211453	0	TRUE	2
122	53494	0	TRUE	2
122	9978074	0	TRUE	2
122	6217677	0	TRUE	2
122	5208180	0	TRUE	2
122	306981	0	TRUE	2
122	26113582	0	TRUE	2
122	22159765	0	TRUE	2
122	23231480	0	TRUE	2
122	1120779	0	TRUE	2
122	248127	0	TRUE	2
122	6240032	0	TRUE	2
122	5579773	0	TRUE	2
122	31905103	0	TRUE	2
122	6963996	0	TRUE	2
122	3712529	0	TRUE	2
122	1643986	0	TRUE	2
122	907589	0	TRUE	2
122	171099	0	TRUE	2
122	11466794	0	TRUE	2
122	1321259	0	TRUE	2
122	19030340	0	TRUE	2
122	2298890	0	TRUE	2
122	18153813	0	TRUE	2
122	2167549	0	TRUE	2
122	224508	0	TRUE	2
122	2399892	0	TRUE	2
49	197638	2.5	FALSE	2
49	28193701	2.5	FALSE	2
49	21526340	2	FALSE	2
49	2261491	1	FALSE	2
49	37165	1	FALSE	2
49	200446	1	FALSE	2
49	262376	1	FALSE	2
49	2155463	1	FALSE	2
49	2092557	1	FALSE	2
49	22518807	1	FALSE	2
49	3930665	1	FALSE	2
49	1869714	1	FALSE	2
49	26306839	1	FALSE	2
49	2360870	1	FALSE	2
49	23408094	1	FALSE	2
49	6959491	1	FALSE	2
49	2092499	1	FALSE	2
49	2989618	0.5	FALSE	2
49	1417888	0.5	FALSE	2
49	224580	0.5	FALSE	2
49	1513329	0.5	FALSE	2
49	13262906	0	FALSE	2
49	25325941	0	FALSE	2
49	5823091	0	FALSE	2
49	1545592	0	FALSE	1
49	9797862	0	FALSE	1
49	43725810	0	FALSE	1
49	49052900	0	FALSE	2
49	4009121	0	FALSE	1
49	8850894	0	FALSE	2
49	3933705	0	FALSE	2
49	2169344	0	FALSE	2
90	26621757	2.5	FALSE	2
90	2092750	2.5	FALSE	2
90	13472986	2	FALSE	2
90	31470307	2	FALSE	2
90	1037904	2	FALSE	2
90	38513345	2	FALSE	2
90	1285621	2	FALSE	2
90	25163743	1.5	FALSE	2
90	26621899	1.5	FALSE	2
90	26620864	1.5	FALSE	2
90	8239359	1.5	FALSE	2
90	17359391	1.5	FALSE	2
90	25235037	1	FALSE	2
90	353027	1	FALSE	2
135	44742734	1.5	FALSE	2
135	14774391	0.5	FALSE	2
135	782108	0.5	FALSE	2
135	48258915	0.5	FALSE	2
135	33225382	0.5	FALSE	2
135	21948540	0.5	FALSE	2
135	21092646	0	FALSE	2
135	9487651	0	FALSE	2
135	210213	0	FALSE	2
135	2048315	0	FALSE	2
135	30985	0	FALSE	2
135	15346	0	FALSE	2
135	21432947	0	FALSE	2
135	8677	0	FALSE	2
135	38119160	0	FALSE	2
135	444096	0	FALSE	2
135	4278065	0	FALSE	2
135	50759139	0	FALSE	2
135	12108230	0	FALSE	2
135	19599735	0	FALSE	2
135	2493275	0	FALSE	2
135	185689	0	FALSE	2
135	1317211	0	FALSE	2
135	2252465	0	FALSE	2
135	4085882	0	FALSE	2
135	604226	0	FALSE	2
135	54407	0	FALSE	2
135	241970	0	FALSE	2
135	1673728	0	FALSE	2
135	37125294	0	FALSE	2
37	17929761	3	TRUE	3
37	34294321	2.6667	TRUE	3
37	22400436	2.6667	TRUE	3
37	19607633	2.6667	TRUE	3
37	30877582	2	TRUE	3
37	14201317	1.3333	TRUE	3
37	45312651	0.6667	TRUE	3
37	34003715	0.6667	TRUE	3
37	9373752	0.6667	TRUE	3
37	47635908	0.6667	TRUE	3
37	24479857	0.6667	TRUE	3
37	1211800	0	TRUE	3
37	1212422	0	TRUE	3
37	3393405	0	TRUE	3
37	2344737	0	TRUE	3
37	844444	0	TRUE	3
48	33314642	1	FALSE	2
48	42146	0.5	FALSE	2
48	140308	0	FALSE	2
48	16228	0	FALSE	2
48	5052197	0	FALSE	2
48	2565136	0	FALSE	2
6	148332	3	TRUE	2
6	35942	2	TRUE	2
6	4620	2	TRUE	2
6	35943	2	TRUE	2
6	202611	1.5	TRUE	2
6	18994022	1.5	TRUE	2
6	12746283	1.5	TRUE	2
6	17255423	1.5	TRUE	2
6	19383937	1	TRUE	2
6	21497759	1	TRUE	2
6	20675	1	TRUE	2
6	13890	1	TRUE	1
6	4624191	1	TRUE	2
6	1957080	1	TRUE	2
6	7873885	1	TRUE	2
6	464879	1	TRUE	2
6	18429842	1	TRUE	1
6	5760	1	TRUE	1
6	1422050	1	TRUE	1
6	3721271	1	TRUE	2
6	10853463	1	TRUE	2
6	23310612	1	TRUE	1
6	34793447	1	TRUE	1
6	47021472	0.5	TRUE	2
6	35944	0.5	TRUE	2
6	73327	0.5	TRUE	2
6	4873297	0.5	TRUE	2
6	8869314	0.5	TRUE	2
6	202615	0.5	TRUE	2
6	38428424	0.5	TRUE	2
6	58530	0	TRUE	2
6	52184	0	TRUE	2
6	3985400	0	TRUE	2
6	33710353	0	TRUE	2
6	50521	0	TRUE	2
6	40186	0	TRUE	2
1	4218505	2.6667	TRUE	3
1	47572	2	TRUE	3
1	40587669	2	TRUE	3
1	18673638	2	TRUE	3
38	11298796	3	TRUE	3
38	1851448	3	TRUE	3
38	8559295	3	TRUE	3
38	17684438	2.6667	TRUE	3
38	24216534	2.6667	TRUE	3
38	39109874	2.6667	TRUE	3
38	1914210	2.6667	TRUE	3
38	2243880	2.5	TRUE	2
38	17074060	2.3333	TRUE	3
38	51218	2.3333	TRUE	3
38	69808	2	TRUE	3
38	12679286	2	TRUE	3
38	4314987	2	TRUE	3
38	31912046	2	TRUE	3
38	3099917	2	TRUE	3
38	3548013	2	TRUE	3
38	39466243	1.6667	TRUE	3
38	2053043	1.6667	TRUE	3
38	214980	1.3333	TRUE	3
38	12567724	1.3333	TRUE	3
38	31167189	1	TRUE	3
38	874	1	TRUE	3
38	13588	1	TRUE	3
38	2584146	0.6667	TRUE	3
38	2672171	0.3333	TRUE	3
38	46918	0.3333	TRUE	3
38	187781	0.3333	TRUE	3
38	10331	0.3333	TRUE	3
38	8047823	0	TRUE	3
38	247746	0	TRUE	3
38	31473425	0	TRUE	3
60	42622950	3	TRUE	2
60	19424660	0	TRUE	2
29	40754323	2	FALSE	2
29	49263108	1.5	FALSE	2
29	39204040	1.5	FALSE	2
29	6039969	1	FALSE	2
29	36924135	1	FALSE	2
29	49282742	1	FALSE	2
29	682863	1	FALSE	2
29	34395435	1	FALSE	2
29	26885627	0.5	FALSE	2
29	47872525	0.5	FALSE	2
29	7391542	0.5	FALSE	2
29	3132350	0.5	FALSE	2
29	3145571	0.5	FALSE	2
29	12672171	0.5	FALSE	2
29	1455350	0.5	FALSE	2
29	4974667	0.5	FALSE	2
29	4342515	0.5	FALSE	2
29	10778	0	FALSE	2
29	42115796	0	FALSE	2
117	1217079	3	FALSE	2
117	2518735	3	FALSE	2
117	84841	2.5	FALSE	2
117	29958740	2.5	FALSE	2
117	510807	2.5	FALSE	2
117	323932	2.5	FALSE	2
117	24326	2	FALSE	2
117	4370131	2	FALSE	2
117	1624783	2	FALSE	2
117	39523627	2	FALSE	2
117	18171435	2	FALSE	2
117	1025455	2	FALSE	2
117	17049	2	FALSE	2
117	420922	1.5	FALSE	2
117	40668394	1.5	FALSE	2
117	48441949	1.5	FALSE	2
117	1974387	1.5	FALSE	2
117	36872431	1.5	FALSE	2
117	8144224	1.5	FALSE	2
117	276575	1.5	FALSE	2
117	1684674	1.5	FALSE	2
117	33130424	1.5	FALSE	2
117	11960690	1	FALSE	2
117	38850947	1	FALSE	2
117	38576563	1	FALSE	2
117	40937460	1	FALSE	2
117	27918049	0.5	FALSE	2
117	1799409	0	FALSE	2
117	4355030	0	FALSE	2
117	1864379	0	FALSE	2
31	296252	2.5	TRUE	2
31	1438861	0.5	TRUE	2
31	13451	0	TRUE	2
31	10087485	0	TRUE	2
31	1082508	0	TRUE	2
31	1802400	0	TRUE	2
31	1444275	0	TRUE	2
31	422269	0	TRUE	2
31	6150970	0	TRUE	2
31	1045034	0	TRUE	2
31	42190361	0	TRUE	2
31	27250998	0	TRUE	2
31	51556633	0	TRUE	2
31	9810476	0	TRUE	2
31	41716245	0	TRUE	2
31	302808	0	TRUE	2
31	5871200	0	TRUE	2
31	18153153	0	TRUE	2
31	41997579	0	TRUE	2
31	689611	0	TRUE	2
31	29089	0	TRUE	2
31	484039	0	TRUE	2
31	2374501	0	TRUE	2
31	12292280	0	TRUE	2
31	21777199	0	TRUE	2
31	98991	0	TRUE	2
17	13808231	1.5	TRUE	2
17	5809108	1	TRUE	2
17	45139	1	TRUE	2
17	23643214	0.5	TRUE	2
17	1638240	0.5	TRUE	2
17	4775168	0.5	TRUE	2
17	2361394	0	TRUE	2
17	33071130	0	TRUE	2
17	1995452	0	TRUE	2
17	23291942	0	TRUE	2
17	51554351	0	TRUE	2
17	12168852	0	TRUE	2
17	783723	0	TRUE	2
17	5376804	0	TRUE	2
17	21706976	0	TRUE	2
17	46389015	0	TRUE	2
17	1609037	0	TRUE	2
132	2622904	3	FALSE	1
132	40007110	3	FALSE	1
132	21197	3	FALSE	2
132	11985100	3	FALSE	1
132	31512491	3	FALSE	2
132	37209658	2.5	FALSE	2
132	36067836	2.5	FALSE	2
132	5096985	2.5	FALSE	2
132	32552065	2.5	FALSE	2
132	32596792	2.5	FALSE	2
132	39645531	2.5	FALSE	2
132	37784613	2.5	FALSE	2
132	5444899	2.5	FALSE	2
132	15799912	2	FALSE	1
132	21849	2	FALSE	1
132	32010904	2	FALSE	2
132	45174564	2	FALSE	2
132	43520884	2	FALSE	2
132	22656258	2	FALSE	2
132	32013005	2	FALSE	2
132	9566406	2	FALSE	2
132	37793317	1.5	FALSE	2
132	15243871	1.5	FALSE	2
132	36043942	1.5	FALSE	2
132	665532	1.5	FALSE	2
132	38308387	1.5	FALSE	2
132	36050531	1	FALSE	2
77	685764	2.5	FALSE	2
77	26439208	2	FALSE	1
77	1111272	2	FALSE	2
77	4781	2	FALSE	2
77	1173539	2	FALSE	2
77	299971	2	FALSE	2
77	496540	1.5	FALSE	2
77	1379570	1.5	FALSE	2
77	646748	1.5	FALSE	2
77	31282410	1.5	FALSE	2
77	9555626	1.5	FALSE	2
77	30794946	1	FALSE	1
77	4600462	1	FALSE	2
77	244115	1	FALSE	2
77	4009961	1	FALSE	2
77	568843	1	FALSE	2
77	9692425	1	FALSE	2
77	4010036	1	FALSE	1
77	13351850	1	FALSE	1
77	1113331	1	FALSE	2
77	4145420	1	FALSE	2
77	39022230	0.5	FALSE	2
77	6527784	0.5	FALSE	2
77	234806	0.5	FALSE	2
77	141915	0.5	FALSE	2
77	855337	0.5	FALSE	2
77	239812	0.5	FALSE	2
77	62745	0.5	FALSE	2
77	1102307	0.5	FALSE	2
77	317921	0	FALSE	1
77	22951352	0	FALSE	1
77	30503766	0	FALSE	1
68	677773	3	TRUE	2
68	1286	3	TRUE	2
68	32457668	2	TRUE	2
68	2753129	1.5	TRUE	2
68	259897	1.5	TRUE	2
68	12567501	1.5	TRUE	2
68	841054	1	TRUE	2
68	3511167	1	TRUE	2
68	21046223	1	TRUE	2
68	677806	0.5	TRUE	2
68	15646417	0.5	TRUE	2
69	5802085	2.5	FALSE	2
69	19877019	2	FALSE	2
69	18329997	1.5	FALSE	2
69	23371382	1.5	FALSE	2
69	827982	1.5	FALSE	2
69	22685051	1.5	FALSE	2
69	2738242	1	FALSE	2
69	7567080	1	FALSE	2
69	5802280	1	FALSE	2
69	158300	1	FALSE	2
69	248255	0.5	FALSE	2
69	3673458	0.5	FALSE	2
69	194436	0.5	FALSE	2
69	45688540	0.5	FALSE	2
69	25021801	0.5	FALSE	2
69	271956	0.5	FALSE	2
69	12804589	0.5	FALSE	2
69	70665	0.5	FALSE	2
69	261708	0	FALSE	2
69	213018	0	FALSE	2
69	6747443	0	FALSE	2
69	7525325	0	FALSE	2
69	310388	0	FALSE	2
125	11329840	3	FALSE	2
125	10936450	3	FALSE	2
125	71989	3	FALSE	2
125	164100	3	FALSE	2
125	45370008	2.5	FALSE	2
125	33842930	2.5	FALSE	2
125	51174	2.5	FALSE	2
125	25716824	2.5	FALSE	2
125	31207021	2.5	FALSE	2
125	3694432	2	FALSE	2
125	22206052	2	FALSE	2
125	2369972	2	FALSE	2
125	5261377	2	FALSE	2
125	2453989	2	FALSE	2
125	23666615	2	FALSE	2
125	36818259	2	FALSE	2
125	2183630	2	FALSE	2
125	22505590	2	FALSE	2
125	10787339	1.5	FALSE	2
125	3007230	1.5	FALSE	2
125	21734059	1.5	FALSE	2
125	3121161	1.5	FALSE	2
125	685744	1	FALSE	2
125	246770	1	FALSE	1
125	1246883	0	FALSE	2
46	26375784	3	TRUE	2
46	39249911	1.5	TRUE	2
46	10817026	1	TRUE	2
46	40913242	1	TRUE	2
46	72890	1	TRUE	2
46	8747147	1	TRUE	2
46	714871	1	TRUE	2
46	46928841	1	TRUE	2
46	25341438	1	TRUE	2
46	31372921	1	TRUE	2
46	1855168	1	TRUE	2
46	24251859	1	TRUE	2
46	10973779	1	TRUE	2
46	36531009	1	TRUE	2
46	42987617	1	TRUE	2
46	29165814	1	TRUE	2
46	26305001	1	TRUE	2
46	32097149	1	TRUE	2
46	16624004	0	TRUE	2
46	25867598	0	TRUE	2
46	20223490	0	TRUE	2
46	27546128	0	TRUE	2
46	11652868	0	TRUE	2
46	16861181	0	TRUE	2
4	5753200	3	TRUE	2
4	19436644	3	TRUE	1
4	9446376	2.5	TRUE	2
4	32607649	2.5	TRUE	2
4	1498138	2.5	TRUE	2
4	578101	2.5	TRUE	2
4	3046506	2.5	TRUE	2
4	5753245	2	TRUE	2
4	40560186	2	TRUE	2
4	1269606	2	TRUE	2
4	157229	2	TRUE	2
4	27421172	1.5	TRUE	2
4	5251543	1.5	TRUE	2
4	40577704	1	TRUE	2
4	237019	0.5	TRUE	2
4	6067803	0.5	TRUE	2
4	544840	0.5	TRUE	2
4	16690868	0.5	TRUE	2
4	4683429	0.5	TRUE	2
4	1237153	0.5	TRUE	2
4	5940997	0.5	TRUE	2
4	7002219	0.5	TRUE	2
4	17144584	0	TRUE	2
4	39061097	0	TRUE	2
4	4931977	0	TRUE	2
4	9347751	0	TRUE	2
4	176747	0	TRUE	2
4	20604	0	TRUE	2
4	1006008	0	TRUE	2
4	3991130	0	TRUE	2
4	8869492	0	TRUE	2
105	7154966	2.6667	FALSE	3
105	6056758	2.5	FALSE	2
105	31787451	2.3333	FALSE	3
105	3868154	1.6667	FALSE	3
105	24988116	1.6667	FALSE	3
105	43469966	1.6667	FALSE	3
105	1605961	1.6667	FALSE	3
105	295909	1.6667	FALSE	3
105	9030114	1.3333	FALSE	3
105	7154734	1.3333	FALSE	3
105	2263925	1.3333	FALSE	3
105	19008450	1.3333	FALSE	3
105	30956731	1	FALSE	3
105	23760145	0.6667	FALSE	3
105	11726004	0.6667	FALSE	3
105	40845811	0.6667	FALSE	3
105	17264087	0.6667	FALSE	3
105	1110617	0.6667	FALSE	3
105	1366367	0.6667	FALSE	3
105	20411847	0.6667	FALSE	3
105	2305771	0.3333	FALSE	3
105	1021698	0.3333	FALSE	3
105	30887400	0.3333	FALSE	3
105	1160233	0.3333	FALSE	3
105	39101545	0.3333	FALSE	3
105	12204458	0.3333	FALSE	3
105	173299	0.3333	FALSE	3
105	2966451	0.3333	FALSE	3
105	408336	0.3333	FALSE	3
105	1027332	0.3333	FALSE	3
105	247558	0	FALSE	3
105	17313740	0	FALSE	3
105	50228176	0	FALSE	3
105	3607540	0	FALSE	3
105	189046	0	FALSE	3
39	11657	3	FALSE	2
39	3569858	2.5	FALSE	2
39	1866983	2.5	FALSE	2
39	5452949	2.5	FALSE	2
39	8761514	2.5	FALSE	2
39	10799117	2.5	FALSE	2
39	36835301	2.5	FALSE	2
39	5175362	2.5	FALSE	2
39	7984172	2.5	FALSE	2
39	68351	2.5	FALSE	2
39	379820	2.5	FALSE	2
39	5005218	2	FALSE	2
39	3654475	2	FALSE	2
39	30281693	2	FALSE	2
39	27684	2	FALSE	2
39	6255487	2	FALSE	2
39	227098	2	FALSE	2
39	1964339	2	FALSE	2
39	4251074	2	FALSE	2
39	3177678	2	FALSE	2
39	197025	2	FALSE	2
39	1342735	2	FALSE	2
39	2945604	2	FALSE	2
39	4368822	2	FALSE	2
39	3716527	1.5	FALSE	2
39	145359	1.5	FALSE	2
39	9755758	1.5	FALSE	2
39	84812	1.5	FALSE	2
39	559339	1.5	FALSE	2
39	27725447	1	FALSE	2
39	1881	1	FALSE	2
39	183280	1	FALSE	2
39	23715975	1	FALSE	2
39	1680106	1	FALSE	2
39	231594	0.5	FALSE	2
39	15870439	0.5	FALSE	2
39	12752192	0	FALSE	2
22	12876348	3	TRUE	2
22	36909154	2.5	TRUE	2
22	10279253	2.5	TRUE	2
22	31145459	2.5	TRUE	2
22	1698816	2.5	TRUE	2
22	14005626	2.5	TRUE	2
22	2709053	2	TRUE	2
22	2906003	2	TRUE	2
22	43391798	2	TRUE	2
22	14445147	2	TRUE	2
22	4185507	1	TRUE	2
22	5965184	1	TRUE	2
22	15894717	1	TRUE	2
22	8852918	1	TRUE	2
22	6779513	0.5	TRUE	2
22	34787482	0.5	TRUE	2
22	1472155	0.5	TRUE	2
22	8450694	0	TRUE	2
54	23011954	3	FALSE	2
54	40459273	3	FALSE	2
54	39582	3	FALSE	2
54	25651177	2.5	FALSE	2
54	44120960	2.5	FALSE	2
54	50806	2.5	FALSE	2
54	30865472	2.5	FALSE	2
54	5804650	2	FALSE	2
54	1858942	2	FALSE	2
54	5230286	1.5	FALSE	2
54	6771748	1.5	FALSE	2
54	26388	1.5	FALSE	2
54	469488	1.5	FALSE	2
54	1690093	1.5	FALSE	2
54	213219	1.5	FALSE	2
54	9833	1.5	FALSE	2
54	1164148	1.5	FALSE	2
54	17188105	1	FALSE	2
54	1461548	1	FALSE	2
54	3612404	1	FALSE	2
54	63876	1	FALSE	2
54	38540045	0.5	FALSE	2
54	175714	0.5	FALSE	2
54	1085526	0.5	FALSE	2
54	58325	0	FALSE	2
54	25310	0	FALSE	2
54	12737	0	FALSE	2
54	42558	0	FALSE	2
54	5992	0	FALSE	2
54	400247	0	FALSE	2
93	389564	2.6667	FALSE	3
93	515924	2.6667	FALSE	3
93	5839673	2.3333	FALSE	3
93	510629	2.3333	FALSE	3
93	33589680	2	FALSE	3
93	25524	2	FALSE	3
93	18717981	2	FALSE	3
93	3067624	2	FALSE	3
93	2644613	2	FALSE	3
93	473317	1.6667	FALSE	3
93	15947428	1.6667	FALSE	3
93	2519712	1.6667	FALSE	3
93	240583	1.6667	FALSE	3
93	274035	1.6667	FALSE	3
93	16640384	1.3333	FALSE	3
93	272882	1.3333	FALSE	3
93	17873973	1.3333	FALSE	3
93	373212	1	FALSE	3
93	246074	1	FALSE	3
93	371299	1	FALSE	3
93	18967255	1	FALSE	3
93	26685	1	FALSE	3
93	3012010	1	FALSE	3
93	24006418	1	FALSE	3
93	523104	1	FALSE	3
93	5653017	1	FALSE	3
93	82200	1	FALSE	3
93	18963910	0.6667	FALSE	3
93	4337868	0.6667	FALSE	3
93	33691386	0.6667	FALSE	3
93	2408	0.6667	FALSE	3
93	389487	0.3333	FALSE	3
93	5979788	0.3333	FALSE	3
93	4428635	0	FALSE	3
121	32415340	3	TRUE	2
121	38357478	3	TRUE	2
121	1425015	2.5	TRUE	2
121	38881817	2	TRUE	2
121	43852066	2	TRUE	2
121	50138870	1.5	TRUE	2
121	24970695	1	TRUE	2
121	1646259	1	TRUE	2
121	21776492	1	TRUE	2
121	1690487	1	TRUE	2
121	375975	1	TRUE	2
121	10818187	1	TRUE	2
121	43329599	0.5	TRUE	2
121	351943	0.5	TRUE	2
121	38286451	0.5	TRUE	2
121	12199423	0.5	TRUE	2
121	29384054	0	TRUE	2
121	38383904	0	TRUE	2
121	3634471	0	TRUE	2
121	40163369	0	TRUE	2
121	79026	0	TRUE	2
121	15152144	0	TRUE	2
121	438349	0	TRUE	2
121	167012	0	TRUE	2
121	33869352	0	TRUE	2
121	4585689	0	TRUE	2
75	157211	2.5	FALSE	2
75	50116192	2.5	FALSE	2
75	46393241	2.5	FALSE	2
75	13081672	2	FALSE	2
75	43117009	2	FALSE	2
75	1929870	1.5	FALSE	2
75	1506950	1.5	FALSE	2
75	46933804	1.5	FALSE	2
75	49021549	1	FALSE	2
75	4510837	1	FALSE	2
75	9444223	1	FALSE	2
75	703163	1	FALSE	2
75	49116954	0.5	FALSE	2
75	35026825	0.5	FALSE	2
75	194904	0.5	FALSE	2
75	46391385	0.5	FALSE	2
75	6723885	0.5	FALSE	2
75	47804670	0.5	FALSE	2
75	33636837	0.5	FALSE	2
75	24399455	0.5	FALSE	2
75	51281332	0.5	FALSE	2
75	27260695	0.5	FALSE	2
75	1603175	0.5	FALSE	2
75	1497712	0	FALSE	2
75	23203399	0	FALSE	2
75	49632744	0	FALSE	2
75	20682318	0	FALSE	2
75	170346	0	FALSE	2
75	50893916	0	FALSE	2
128	13745465	2.5	TRUE	2
128	42489283	2.5	TRUE	2
128	42620134	0.5	TRUE	2
128	27373201	0.5	TRUE	2
128	25474999	0	TRUE	2
128	43174226	0	TRUE	2
128	51556633	0	TRUE	2
128	1469871	0	TRUE	2
128	38050783	0	TRUE	2
128	41979239	0	TRUE	2
128	36632943	0	TRUE	2
128	13318685	0	TRUE	2
128	7036658	0	TRUE	2
64	672468	1.5	TRUE	2
64	600	1.5	TRUE	2
64	371669	0	TRUE	2
64	17867	0	TRUE	2
64	710383	0	TRUE	1
64	13605915	0	TRUE	1
64	5166	0	TRUE	2
64	18670284	0	TRUE	2
64	709945	0	TRUE	2
64	5716140	0	TRUE	2
64	36625575	0	TRUE	2
64	22576	0	TRUE	2
64	708486	0	TRUE	2
64	55904	0	TRUE	2
64	1328712	0	TRUE	2
64	709926	0	TRUE	2
64	4124046	0	TRUE	2
64	3138560	0	TRUE	2
64	708464	0	TRUE	2
64	709966	0	TRUE	2
64	5716179	0	TRUE	2
64	708461	0	TRUE	2
64	5612472	0	TRUE	2
64	708495	0	TRUE	2
64	27249	0	TRUE	2
64	3391396	0	TRUE	2
64	713506	0	TRUE	2
64	18964	0	TRUE	2
64	708473	0	TRUE	2
64	713468	0	TRUE	2
64	3131163	0	TRUE	2
64	5573	0	TRUE	2
64	3138578	0	TRUE	2
64	9489667	0	TRUE	2
64	25645	0	TRUE	2
64	710390	0	TRUE	2
64	711057	0	TRUE	2
130	70075	3	TRUE	2
130	3555021	3	TRUE	2
130	377116	1.5	TRUE	2
130	8950916	1.5	TRUE	2
130	232328	0.5	TRUE	2
130	402768	0.5	TRUE	2
130	929452	0.5	TRUE	2
130	2152548	0	TRUE	2
130	43373	0	TRUE	2
130	24170	0	TRUE	2
130	49584	0	TRUE	2
130	2953499	0	TRUE	2
130	199680	0	TRUE	2
130	128345	0	TRUE	2
130	319149	0	TRUE	2
130	32113	0	TRUE	2
130	2053256	0	TRUE	2
130	10793	0	TRUE	2
130	224487	0	TRUE	2
130	13828	0	TRUE	2
130	33954	0	TRUE	2
130	1854318	0	TRUE	2
130	19279158	0	TRUE	2
130	38274	0	TRUE	2
130	856	0	TRUE	2
130	13658	0	TRUE	2
130	85479	0	TRUE	2
130	40339	0	TRUE	2
130	13076	0	TRUE	2
130	363919	0	TRUE	2
130	19344654	0	TRUE	2
130	214764	0	TRUE	2
130	349823	0	TRUE	2
130	8474	0	TRUE	2
130	186797	0	TRUE	2
97	9785195	2.5	FALSE	2
97	47376033	1.5	FALSE	2
97	39888153	1.5	FALSE	2
97	47056238	1.5	FALSE	2
97	18567584	1.5	FALSE	2
97	45465099	1.5	FALSE	2
97	38827520	1.5	FALSE	2
97	12243701	1.5	FALSE	2
97	39410581	1.5	FALSE	2
97	44846706	1.5	FALSE	2
97	36570075	1.5	FALSE	2
97	9070689	1.5	FALSE	2
97	23796429	1.5	FALSE	2
97	33251410	1.5	FALSE	2
97	38669427	1.5	FALSE	2
97	48824771	1.5	FALSE	2
97	48300118	1.5	FALSE	2
97	19287252	1.5	FALSE	2
97	18981304	1.5	FALSE	2
97	38350809	1.5	FALSE	2
97	49322755	1.5	FALSE	2
97	43498326	1	FALSE	2
97	26842900	1	FALSE	2
97	21398198	0.5	FALSE	2
97	29486678	0	FALSE	2
97	1673653	0	FALSE	2
86	42207401	3	FALSE	1
86	5764695	2	FALSE	1
86	4750291	2	FALSE	1
86	50745	2	FALSE	1
86	703287	1	FALSE	1
86	6777367	1	FALSE	1
86	21940890	1	FALSE	1
86	46658	1	FALSE	1
86	50289819	1	FALSE	1
86	30019916	1	FALSE	1
86	21169754	1	FALSE	1
86	10996617	1	FALSE	1
86	461959	1	FALSE	1
86	26823	1	FALSE	1
86	70986	1	FALSE	1
86	12340640	1	FALSE	1
86	6262417	1	FALSE	1
86	1716940	1	FALSE	1
86	1884551	1	FALSE	1
86	30022145	1	FALSE	1
86	1364090	1	FALSE	1
86	22903738	1	FALSE	1
86	16316729	1	FALSE	1
86	4601064	1	FALSE	1
86	42705060	1	FALSE	1
86	34953952	1	FALSE	1
86	32459095	1	FALSE	1
86	8007339	1	FALSE	1
86	29117263	1	FALSE	1
86	634661	1	FALSE	1
86	22821217	0	FALSE	1
86	10538123	0	FALSE	1
72	40631543	3	FALSE	1
72	41799009	3	FALSE	1
72	42142305	3	FALSE	1
72	42299409	3	FALSE	1
72	42143326	3	FALSE	1
72	42299382	3	FALSE	1
72	43326718	3	FALSE	1
72	44241563	3	FALSE	1
72	1465032	3	FALSE	1
72	17483643	3	FALSE	1
72	7684553	3	FALSE	1
72	1528210	3	FALSE	1
72	153162	3	FALSE	1
72	44633017	3	FALSE	1
72	3607937	2	FALSE	1
72	5229161	2	FALSE	1
72	12216208	2	FALSE	1
72	59575	1	FALSE	1
72	19112	1	FALSE	1
72	9302634	0	FALSE	1
72	314132	0	FALSE	1
72	330143	0	FALSE	1
72	13426780	0	FALSE	1
72	6839571	0	FALSE	1
72	5213977	0	FALSE	1
72	19115	0	FALSE	1
72	1966311	0	FALSE	1
71	149007	3	FALSE	1
71	971377	3	FALSE	1
71	30320	3	FALSE	1
71	149006	3	FALSE	1
71	6494159	2	FALSE	1
71	37099300	2	FALSE	1
71	1892582	2	FALSE	1
71	4638696	2	FALSE	1
71	6825776	2	FALSE	1
71	8093601	2	FALSE	1
71	27998343	2	FALSE	1
71	8093570	2	FALSE	1
71	12404932	2	FALSE	1
71	1024166	1	FALSE	1
71	9179898	1	FALSE	1
71	19548	0	FALSE	1
71	2535787	0	FALSE	1
71	2168290	0	FALSE	1
71	26517	0	FALSE	1
